{"type":"FeatureCollection", "features": [
{"type":"Feature","geometry":{"type":"Polygon","coordinates":[[[15.9973,46.8358],[16.0595,46.839],[16.1803,46.907],[16.201,46.9422],[16.2775,46.963],[16.2769,46.9845],[16.351,47.0108],[16.374,46.9988],[16.4937,47.0105],[16.4458,47.039],[16.5217,47.0566],[16.4657,47.0993],[16.5305,47.1276],[16.4655,47.1686],[16.4362,47.216],[16.4429,47.249],[16.4906,47.2807],[16.4466,47.4076],[16.5769,47.4068],[16.6632,47.4561],[16.6535,47.5007],[16.7067,47.5233],[16.6533,47.6233],[16.5737,47.6203],[16.5156,47.6466],[16.441,47.6571],[16.501,47.7052],[16.5423,47.7126],[16.5492,47.752],[16.6355,47.7595],[16.7222,47.7358],[16.7502,47.6819],[16.9138,47.6881],[17.0943,47.7087],[17.0715,47.7286],[17.0731,47.8086],[17.0112,47.8588],[17.1054,47.8997],[17.1183,47.9613],[17.1621,48.0071],[17.0687,48.0319],[17.068,48.1191],[16.9981,48.0528],[16.875,48.0728],[16.8172,48.031],[16.702,48.0053],[16.7005,47.9668],[16.6529,47.9562],[16.5797,47.8879],[16.5247,47.9351],[16.4383,47.928],[16.3892,47.843],[16.3048,47.7853],[16.2923,47.7292],[16.3059,47.6977],[16.3737,47.6431],[16.3106,47.5462],[16.3408,47.5166],[16.3036,47.4675],[16.2251,47.4278],[16.1729,47.4228],[16.0728,47.4046],[16.0254,47.3637],[16.0868,47.251],[16.0867,47.2115],[16.1162,47.1337],[16.0876,47.0746],[16.1222,47.0451],[16.1228,46.991],[16.0623,46.9134],[16.0143,46.8844],[15.9973,46.8358]]]},"properties":{"countryCode":"AT","regionCode":"AT-1","name":"Burgenland","territoryId":"demo-at"}},
{"type":"Feature","geometry":{"type":"Polygon","coordinates":[[[13.7854,46.9443],[13.7725,46.9775],[13.6944,47.0066],[13.6941,47.0407],[13.5828,47.0526],[13.3636,47.0993],[13.2401,47.072],[13.1853,47.0442],[13.0737,47.0139],[12.9655,47.0395],[12.9382,47.0766],[12.8209,47.0982],[12.7395,47.1008],[12.7315,47.1315],[12.6575,47.1],[12.7152,47.0452],[12.7555,47.0253],[12.7253,46.9963],[12.7836,46.9324],[12.8377,46.913],[12.8418,46.8614],[12.9536,46.8015],[12.8418,46.7498],[12.8022,46.7571],[12.7204,46.7418],[12.6933,46.7017],[12.6912,46.6574],[12.732,46.6347],[12.7946,46.6434],[12.8343,46.6103],[12.9337,46.6104],[13.0473,46.5957],[13.093,46.6008],[13.2532,46.5609],[13.3206,46.5533],[13.3729,46.5797],[13.4467,46.5569],[13.5049,46.5667],[13.7952,46.5057],[13.8827,46.5232],[13.9437,46.5119],[14.0073,46.4817],[14.0515,46.4936],[14.1223,46.477],[14.1554,46.436],[14.284,46.4439],[14.3089,46.431],[14.4105,46.4467],[14.4435,46.4234],[14.5873,46.4301],[14.6756,46.451],[14.7115,46.493],[14.8195,46.5097],[14.8354,46.5636],[14.8674,46.6037],[14.9803,46.6018],[15.0171,46.6412],[15.0661,46.6527],[15.0314,46.6784],[15.0453,46.715],[15.0276,46.7727],[14.9772,46.7852],[15.0143,46.8336],[15.0284,46.907],[14.9675,46.9826],[14.9049,47.0007],[14.8315,47.05],[14.7169,47.0186],[14.528,47.0096],[14.3868,46.9804],[14.3837,47.0144],[14.3294,47.0302],[14.2253,47.0359],[14.1918,47.0715],[14.1026,47.0385],[14.0069,46.971],[13.9663,46.9638],[13.8798,46.9186],[13.8161,46.9189],[13.7854,46.9443]]]},"properties":{"countryCode":"AT","regionCode":"AT-2","name":"Kärnten","territoryId":"demo-at"}},
{"type":"Feature","geometry":{"type":"Polygon","coordinates":[[[17.068,48.1191],[16.9775,48.1723],[16.9583,48.2643],[16.9273,48.2718],[16.8453,48.351],[16.8649,48.4199],[16.8515,48.45],[16.9552,48.5435],[16.937,48.5719],[16.9349,48.6012],[16.9432,48.6066],[16.9414,48.6177],[16.936,48.6198],[16.9287,48.6197],[16.92,48.6232],[16.9243,48.6708],[16.9117,48.6765],[16.9199,48.6939],[16.9134,48.7064],[16.9038,48.7127],[16.9073,48.7155],[16.8876,48.7168],[16.7771,48.7125],[16.726,48.7386],[16.6899,48.7298],[16.665,48.7816],[16.5949,48.7832],[16.5262,48.8013],[16.4632,48.8052],[16.45,48.7999],[16.448,48.7962],[16.4492,48.7913],[16.437,48.7788],[16.4363,48.7662],[16.4115,48.7439],[16.3964,48.7369],[16.3935,48.7397],[16.3899,48.7361],[16.3677,48.7286],[16.1552,48.7494],[16.1402,48.7433],[16.1039,48.746],[16.0661,48.7552],[16.054,48.7616],[15.9956,48.7799],[15.8988,48.8489],[15.8288,48.8716],[15.8229,48.8733],[15.8073,48.8728],[15.7807,48.8755],[15.7719,48.8647],[15.7548,48.8528],[15.7151,48.8586],[15.6908,48.8563],[15.6569,48.882],[15.6207,48.8962],[15.6136,48.8989],[15.6118,48.8971],[15.5959,48.8977],[15.5791,48.8965],[15.5602,48.9051],[15.5145,48.9147],[15.5032,48.9366],[15.4696,48.9524],[15.4259,48.9522],[15.3681,48.9825],[15.3495,48.9854],[15.3334,48.9854],[15.3229,48.9768],[15.3132,48.9814],[15.3068,48.9785],[15.2921,48.9849],[15.2911,48.9931],[15.28,48.9953],[15.2769,48.9865],[15.2829,48.9814],[15.2702,48.9589],[15.2627,48.9543],[15.2475,48.9601],[15.2256,48.9608],[15.1914,48.9439],[15.1574,48.9939],[15.0659,49.0002],[15.0216,49.0212],[15.0041,49.0121],[14.997,49.0157],[14.9915,49.0103],[15.0019,49.0044],[14.9961,48.9939],[14.9795,48.9811],[14.9926,48.8979],[14.974,48.8753],[14.9708,48.8245],[14.9543,48.7904],[14.9747,48.7839],[14.9812,48.7798],[14.9819,48.7759],[14.9806,48.7729],[14.9766,48.7694],[14.9712,48.7678],[14.969,48.7646],[14.9618,48.7629],[14.9568,48.7587],[14.9533,48.7624],[14.9492,48.7635],[14.9412,48.7619],[14.9329,48.7672],[14.8891,48.7707],[14.8823,48.7807],[14.8413,48.7826],[14.8212,48.7819],[14.8097,48.7794],[14.8109,48.7746],[14.8073,48.7723],[14.8125,48.7621],[14.7954,48.7304],[14.7917,48.7243],[14.7866,48.719],[14.7751,48.7123],[14.7581,48.7099],[14.7418,48.7019],[14.7351,48.6971],[14.7271,48.6858],[14.728,48.6793],[14.7134,48.6507],[14.7232,48.639],[14.7221,48.603],[14.707,48.5916],[14.7088,48.5877],[14.7023,48.5832],[14.6952,48.5859],[14.692,48.5849],[14.6927,48.5812],[14.714,48.5786],[14.7255,48.5627],[14.8089,48.5566],[14.8972,48.5238],[14.8763,48.4565],[14.94,48.4238],[14.9655,48.3884],[14.9447,48.3242],[14.9875,48.3199],[14.9932,48.2571],[14.9582,48.227],[14.8583,48.2261],[14.8333,48.1906],[14.6923,48.1576],[14.6468,48.1745],[14.5882,48.2221],[14.5221,48.2382],[14.4905,48.2224],[14.4684,48.1496],[14.457,48.0435],[14.4941,47.9986],[14.5549,47.9825],[14.6088,47.9498],[14.7301,47.9249],[14.7729,47.8835],[14.7109,47.8512],[14.7128,47.7906],[14.7394,47.7492],[14.768,47.7268],[14.8193,47.7447],[14.8776,47.7165],[15.0357,47.7532],[15.0594,47.7408],[15.2004,47.7539],[15.2353,47.7993],[15.2995,47.8211],[15.376,47.8259],[15.4115,47.7853],[15.5031,47.7694],[15.5151,47.7469],[15.6128,47.7516],[15.637,47.7159],[15.7165,47.7131],[15.73,47.659],[15.7642,47.6355],[15.8229,47.6384],[15.8491,47.5972],[15.9054,47.5632],[15.915,47.5309],[16.0171,47.5175],[16.0643,47.4896],[16.1139,47.4982],[16.133,47.4539],[16.1729,47.4228],[16.2251,47.4278],[16.3036,47.4675],[16.3408,47.5166],[16.3106,47.5462],[16.3737,47.6431],[16.3059,47.6977],[16.2923,47.7292],[16.3048,47.7853],[16.3892,47.843],[16.4383,47.928],[16.5247,47.9351],[16.5797,47.8879],[16.6529,47.9562],[16.7005,47.9668],[16.702,48.0053],[16.8172,48.031],[16.875,48.0728],[16.9981,48.0528],[17.068,48.1191]],[[16.4164,48.3227],[16.4416,48.2924],[16.5161,48.286],[16.554,48.2395],[16.5375,48.178],[16.4129,48.1208],[16.3258,48.1383],[16.222,48.1361],[16.1974,48.1645],[16.2108,48.2101],[16.3071,48.2723],[16.3681,48.2815],[16.4164,48.3227]]]},"properties":{"countryCode":"AT","regionCode":"AT-3","name":"Niederösterreich","territoryId":"demo-at"}},
{"type":"Feature","geometry":{"type":"Polygon","coordinates":[[[14.692,48.5849],[14.6887,48.5857],[14.6839,48.5833],[14.6773,48.5837],[14.6709,48.582],[14.6645,48.5826],[14.6548,48.6049],[14.6188,48.6225],[14.5545,48.6064],[14.4696,48.6468],[14.4447,48.644],[14.4466,48.6384],[14.4535,48.6325],[14.4432,48.6008],[14.4324,48.5897],[14.4258,48.5889],[14.421,48.5919],[14.4049,48.594],[14.3872,48.5933],[14.3946,48.5793],[14.3436,48.5554],[14.1827,48.5945],[14.0732,48.6005],[14.0115,48.6403],[14.0398,48.6767],[14.0042,48.7092],[13.9567,48.7151],[13.8964,48.7577],[13.877,48.7673],[13.8582,48.7719],[13.8494,48.7704],[13.845,48.7732],[13.8405,48.7723],[13.8405,48.767],[13.837,48.7634],[13.8238,48.7573],[13.8219,48.755],[13.8224,48.7454],[13.82,48.7325],[13.8113,48.7296],[13.8093,48.7252],[13.7958,48.7157],[13.8041,48.7087],[13.8123,48.7093],[13.8214,48.6997],[13.8144,48.6925],[13.8207,48.6711],[13.815,48.6503],[13.8248,48.6428],[13.8281,48.6287],[13.8243,48.6261],[13.8267,48.6192],[13.8235,48.6149],[13.8205,48.6139],[13.8169,48.6152],[13.815,48.6128],[13.8158,48.6103],[13.8113,48.6092],[13.8083,48.6056],[13.8096,48.6006],[13.8022,48.598],[13.8024,48.5932],[13.806,48.5895],[13.8082,48.5851],[13.8018,48.5742],[13.7709,48.5542],[13.769,48.5543],[13.7611,48.5661],[13.7549,48.5642],[13.7445,48.5447],[13.728,48.5136],[13.6006,48.57],[13.5284,48.5879],[13.4762,48.5567],[13.4508,48.5646],[13.4385,48.5578],[13.4398,48.5487],[13.451,48.5384],[13.451,48.5344],[13.4458,48.5297],[13.4471,48.5246],[13.459,48.5122],[13.4489,48.4972],[13.4475,48.4918],[13.428,48.458],[13.4288,48.4524],[13.4386,48.4414],[13.4408,48.4337],[13.4099,48.3736],[13.3678,48.3534],[13.3505,48.3383],[13.3301,48.3238],[13.2574,48.2943],[13.2492,48.2935],[13.1924,48.2962],[13.1801,48.2954],[13.0817,48.2778],[13.023,48.2586],[13.013,48.253],[12.9996,48.2381],[12.9663,48.2145],[12.9575,48.2101],[12.9465,48.2074],[12.9177,48.2071],[12.8708,48.2019],[12.8657,48.1982],[12.8612,48.1857],[12.8531,48.1782],[12.8479,48.1676],[12.8367,48.1659],[12.8352,48.1586],[12.8286,48.1537],[12.8122,48.1521],[12.8,48.1473],[12.7982,48.1394],[12.7872,48.124],[12.7831,48.1237],[12.7755,48.1279],[12.7691,48.1293],[12.7637,48.1292],[12.7593,48.1273],[12.7595,48.1196],[12.7499,48.1091],[12.7535,48.0882],[12.7587,48.0775],[12.7708,48.0668],[12.8345,48.0288],[12.8575,48.0091],[12.8609,47.9972],[12.8929,47.9916],[12.9111,48.0226],[13.048,48.0406],[13.0948,47.9964],[13.1994,47.9748],[13.275,47.9983],[13.2907,47.961],[13.2767,47.8776],[13.2905,47.8249],[13.3955,47.7956],[13.4521,47.8047],[13.4369,47.74],[13.5517,47.7147],[13.4849,47.6421],[13.5241,47.6189],[13.4791,47.5687],[13.4908,47.5138],[13.5864,47.4753],[13.7064,47.4644],[13.7615,47.5208],[13.7363,47.5775],[13.6957,47.5832],[13.7075,47.6653],[13.7554,47.6997],[13.8631,47.7265],[13.9208,47.7056],[14.0026,47.7036],[14.0563,47.6684],[14.0516,47.6177],[14.094,47.62],[14.2067,47.653],[14.2653,47.611],[14.3354,47.6189],[14.4376,47.6531],[14.5329,47.7142],[14.6444,47.7281],[14.6979,47.7663],[14.7394,47.7492],[14.7128,47.7906],[14.7109,47.8512],[14.7729,47.8835],[14.7301,47.9249],[14.6088,47.9498],[14.5549,47.9825],[14.4941,47.9986],[14.457,48.0435],[14.4684,48.1496],[14.4905,48.2224],[14.5221,48.2382],[14.5882,48.2221],[14.6468,48.1745],[14.6923,48.1576],[14.8333,48.1906],[14.8583,48.2261],[14.9582,48.227],[14.9932,48.2571],[14.9875,48.3199],[14.9447,48.3242],[14.9655,48.3884],[14.94,48.4238],[14.8763,48.4565],[14.8972,48.5238],[14.8089,48.5566],[14.7255,48.5627],[14.714,48.5786],[14.6927,48.5812],[14.692,48.5849]]]},"properties":{"countryCode":"AT","regionCode":"AT-4","name":"Oberösterreich","territoryId":"demo-at"}},
{"type":"Feature","geometry":{"type":"Polygon","coordinates":[[[13.7854,46.9443],[13.8654,46.9966],[13.9076,47.0706],[13.8788,47.0952],[13.9403,47.1369],[13.9238,47.1722],[13.8509,47.2301],[13.865,47.2526],[13.8053,47.2932],[13.7126,47.26],[13.5985,47.294],[13.6042,47.3306],[13.5641,47.421],[13.5864,47.4753],[13.4908,47.5138],[13.4791,47.5687],[13.5241,47.6189],[13.4849,47.6421],[13.5517,47.7147],[13.4369,47.74],[13.4521,47.8047],[13.3955,47.7956],[13.2905,47.8249],[13.2767,47.8776],[13.2907,47.961],[13.275,47.9983],[13.1994,47.9748],[13.0948,47.9964],[13.048,48.0406],[12.9111,48.0226],[12.8929,47.9916],[12.8609,47.9972],[12.87,47.9698],[12.8755,47.9639],[12.8867,47.9597],[12.9094,47.9581],[12.918,47.9556],[12.9214,47.952],[12.92,47.9429],[12.9324,47.9404],[12.9414,47.9328],[12.9466,47.9233],[12.9649,47.9043],[13.0021,47.855],[13.0047,47.8485],[13.0034,47.8423],[12.9854,47.8288],[12.9647,47.8004],[12.9402,47.7788],[12.9455,47.765],[12.9359,47.7479],[12.906,47.724],[12.9339,47.7101],[12.9472,47.7127],[12.9562,47.7084],[12.9745,47.7077],[12.9922,47.7092],[13.0026,47.7138],[13.0052,47.7157],[13.0055,47.7186],[13.0094,47.7229],[13.019,47.7234],[13.0295,47.7164],[13.0342,47.717],[13.0467,47.7132],[13.0815,47.6876],[13.0966,47.6285],[13.0444,47.5839],[13.0564,47.5579],[13.0324,47.5361],[13.0469,47.5244],[13.0483,47.4927],[13.0426,47.4893],[13.0369,47.4897],[13.0276,47.4872],[13.0247,47.4806],[13.0073,47.4649],[13.0017,47.4645],[12.9863,47.482],[12.9742,47.4838],[12.9734,47.4748],[12.9665,47.4754],[12.9094,47.4975],[12.8835,47.5212],[12.858,47.5275],[12.8524,47.5313],[12.8483,47.5465],[12.8433,47.5474],[12.8361,47.5454],[12.8184,47.5454],[12.8046,47.5507],[12.795,47.5576],[12.793,47.5656],[12.7849,47.5694],[12.7798,47.5797],[12.792,47.5984],[12.7936,47.6011],[12.7972,47.6023],[12.8001,47.6058],[12.8139,47.6125],[12.8116,47.6218],[12.7329,47.6802],[12.6667,47.6816],[12.6555,47.6726],[12.6307,47.6768],[12.608,47.6743],[12.6043,47.673],[12.6027,47.6692],[12.5976,47.6667],[12.5835,47.6479],[12.5787,47.6348],[12.5757,47.6329],[12.5752,47.6055],[12.6532,47.5897],[12.6423,47.555],[12.6727,47.5003],[12.632,47.4651],[12.6382,47.4371],[12.5792,47.393],[12.5067,47.3947],[12.499,47.3452],[12.3752,47.3118],[12.3049,47.331],[12.2647,47.3027],[12.2168,47.312],[12.0767,47.2701],[12.1029,47.2367],[12.0824,47.1924],[12.1366,47.0812],[12.1865,47.0927],[12.2413,47.0697],[12.3593,47.1173],[12.4001,47.1533],[12.4841,47.1583],[12.6172,47.122],[12.6575,47.1],[12.7315,47.1315],[12.7395,47.1008],[12.8209,47.0982],[12.9382,47.0766],[12.9655,47.0395],[13.0737,47.0139],[13.1853,47.0442],[13.2401,47.072],[13.3636,47.0993],[13.5828,47.0526],[13.6941,47.0407],[13.6944,47.0066],[13.7725,46.9775],[13.7854,46.9443]]]},"properties":{"countryCode":"AT","regionCode":"AT-5","name":"Salzburg","territoryId":"demo-at"}},
{"type":"Feature","geometry":{"type":"Polygon","coordinates":[[[16.1729,47.4228],[16.133,47.4539],[16.1139,47.4982],[16.0643,47.4896],[16.0171,47.5175],[15.915,47.5309],[15.9054,47.5632],[15.8491,47.5972],[15.8229,47.6384],[15.7642,47.6355],[15.73,47.659],[15.7165,47.7131],[15.637,47.7159],[15.6128,47.7516],[15.5151,47.7469],[15.5031,47.7694],[15.4115,47.7853],[15.376,47.8259],[15.2995,47.8211],[15.2353,47.7993],[15.2004,47.7539],[15.0594,47.7408],[15.0357,47.7532],[14.8776,47.7165],[14.8193,47.7447],[14.768,47.7268],[14.7394,47.7492],[14.6979,47.7663],[14.6444,47.7281],[14.5329,47.7142],[14.4376,47.6531],[14.3354,47.6189],[14.2653,47.611],[14.2067,47.653],[14.094,47.62],[14.0516,47.6177],[14.0563,47.6684],[14.0026,47.7036],[13.9208,47.7056],[13.8631,47.7265],[13.7554,47.6997],[13.7075,47.6653],[13.6957,47.5832],[13.7363,47.5775],[13.7615,47.5208],[13.7064,47.4644],[13.5864,47.4753],[13.5641,47.421],[13.6042,47.3306],[13.5985,47.294],[13.7126,47.26],[13.8053,47.2932],[13.865,47.2526],[13.8509,47.2301],[13.9238,47.1722],[13.9403,47.1369],[13.8788,47.0952],[13.9076,47.0706],[13.8654,46.9966],[13.7854,46.9443],[13.8161,46.9189],[13.8798,46.9186],[13.9663,46.9638],[14.0069,46.971],[14.1026,47.0385],[14.1918,47.0715],[14.2253,47.0359],[14.3294,47.0302],[14.3837,47.0144],[14.3868,46.9804],[14.528,47.0096],[14.7169,47.0186],[14.8315,47.05],[14.9049,47.0007],[14.9675,46.9826],[15.0284,46.907],[15.0143,46.8336],[14.9772,46.7852],[15.0276,46.7727],[15.0453,46.715],[15.0314,46.6784],[15.0661,46.6527],[15.1832,46.6565],[15.2369,46.6397],[15.295,46.6528],[15.4151,46.6559],[15.4631,46.6156],[15.5212,46.6219],[15.5482,46.6696],[15.651,46.7061],[15.7226,46.6962],[15.8715,46.7214],[15.948,46.6895],[16.0436,46.6862],[15.9858,46.7524],[15.9973,46.8358],[16.0143,46.8844],[16.0623,46.9134],[16.1228,46.991],[16.1222,47.0451],[16.0876,47.0746],[16.1162,47.1337],[16.0867,47.2115],[16.0868,47.251],[16.0254,47.3637],[16.0728,47.4046],[16.1729,47.4228]]]},"properties":{"countryCode":"AT","regionCode":"AT-6","name":"Steiermark","territoryId":"demo-at"}},
{"type":"Feature","geometry":{"type":"MultiPolygon","coordinates":[[[[12.6575,47.1],[12.6172,47.122],[12.4841,47.1583],[12.4001,47.1533],[12.3593,47.1173],[12.2413,47.0697],[12.2053,47.0274],[12.1217,47.0066],[12.1385,46.957],[12.216,46.8745],[12.2667,46.8879],[12.3065,46.8337],[12.3098,46.7854],[12.3597,46.7738],[12.3846,46.7168],[12.5706,46.6519],[12.6912,46.6574],[12.6933,46.7017],[12.7204,46.7418],[12.8022,46.7571],[12.8418,46.7498],[12.9536,46.8015],[12.8418,46.8614],[12.8377,46.913],[12.7836,46.9324],[12.7253,46.9963],[12.7555,47.0253],[12.7152,47.0452],[12.6575,47.1]]],[[[12.5757,47.6329],[12.537,47.637],[12.5129,47.6259],[12.4657,47.6503],[12.4297,47.6969],[12.3642,47.6844],[12.1841,47.7011],[12.163,47.7017],[12.1691,47.6809],[12.2088,47.614],[12.1864,47.6053],[12.1787,47.6015],[12.182,47.6109],[12.1796,47.615],[12.1404,47.6059],[12.0133,47.6238],[11.9143,47.6144],[11.9028,47.6088],[11.8957,47.6096],[11.8641,47.6015],[11.8479,47.5829],[11.8447,47.5817],[11.83,47.5827],[11.7901,47.5883],[11.7816,47.5918],[11.6608,47.5844],[11.6418,47.594],[11.6063,47.5816],[11.6004,47.5671],[11.5908,47.5603],[11.5874,47.5553],[11.5902,47.5523],[11.5862,47.546],[11.5886,47.526],[11.5778,47.5208],[11.5729,47.5151],[11.5534,47.5128],[11.5342,47.5094],[11.5191,47.5116],[11.513,47.5069],[11.5061,47.5053],[11.4995,47.5079],[11.4881,47.5096],[11.4564,47.5096],[11.4426,47.5185],[11.3913,47.4827],[11.3843,47.473],[11.3916,47.4673],[11.4099,47.4673],[11.4159,47.4476],[11.4092,47.4476],[11.4025,47.4486],[11.3889,47.4471],[11.3855,47.4492],[11.3774,47.4497],[11.339,47.4505],[11.3317,47.4452],[11.3317,47.4396],[11.3146,47.4315],[11.3001,47.4313],[11.2915,47.4276],[11.2907,47.4227],[11.2937,47.4197],[11.2905,47.4078],[11.2816,47.4012],[11.2704,47.3981],[11.2374,47.3987],[11.2288,47.3957],[11.2254,47.3958],[11.2228,47.3979],[11.2243,47.4019],[11.2408,47.4201],[11.254,47.4283],[11.2504,47.4329],[11.2059,47.4345],[11.1983,47.4281],[11.1285,47.4128],[11.1242,47.4002],[11.1153,47.396],[11.1044,47.3962],[11.1007,47.3949],[11.0947,47.3965],[11.062,47.3971],[11.0538,47.3967],[11.049,47.3945],[11.0386,47.3972],[11.0336,47.3945],[11.0289,47.394],[11.0236,47.3977],[11.0054,47.3947],[10.98,47.3975],[10.9709,47.4007],[10.984,47.4306],[10.9103,47.4861],[10.8907,47.5379],[10.7779,47.5145],[10.7589,47.5351],[10.7514,47.5379],[10.7413,47.5392],[10.7188,47.5387],[10.7094,47.5443],[10.695,47.5454],[10.6906,47.556],[10.6914,47.5594],[10.6784,47.5568],[10.677,47.5596],[10.5983,47.5703],[10.5737,47.5346],[10.4548,47.5564],[10.4391,47.5241],[10.4425,47.5194],[10.4409,47.5141],[10.4317,47.5044],[10.4428,47.4853],[10.4461,47.4847],[10.4518,47.4864],[10.4579,47.4832],[10.4641,47.4834],[10.464,47.481],[10.4763,47.4334],[10.4565,47.4198],[10.4469,47.4153],[10.4389,47.4141],[10.4317,47.4034],[10.4296,47.3917],[10.4371,47.381],[10.4312,47.3845],[10.4201,47.3852],[10.417,47.3806],[10.4138,47.3792],[10.4009,47.3782],[10.3951,47.3762],[10.3572,47.3376],[10.3461,47.3226],[10.3457,47.3205],[10.349,47.3178],[10.3468,47.3158],[10.341,47.3149],[10.3397,47.3111],[10.3307,47.3054],[10.3247,47.3044],[10.3241,47.3062],[10.3169,47.3073],[10.3018,47.2993],[10.296,47.3005],[10.2927,47.2951],[10.282,47.2883],[10.2661,47.2887],[10.2459,47.281],[10.2385,47.2725],[10.2327,47.2711],[10.1786,47.2707],[10.213,47.2048],[10.2223,47.1534],[10.1452,47.0975],[10.1235,47.0227],[10.1599,46.9995],[10.0985,46.9279],[10.1452,46.8515],[10.1939,46.867],[10.2041,46.8652],[10.2195,46.8678],[10.233,46.8668],[10.2351,46.8852],[10.226,46.8965],[10.2423,46.9194],[10.2409,46.9319],[10.3097,46.9507],[10.3553,46.9929],[10.399,46.9974],[10.4223,46.9613],[10.4897,46.9383],[10.465,46.8848],[10.4991,46.848],[10.6542,46.8673],[10.7639,46.824],[10.7963,46.7918],[10.8907,46.7648],[10.9935,46.7675],[11.0837,46.8228],[11.0718,46.8538],[11.1153,46.9319],[11.1648,46.9663],[11.2421,46.9702],[11.3208,46.9929],[11.402,46.9655],[11.4792,47.0115],[11.539,46.9846],[11.6103,47.0115],[11.7282,46.9729],[11.8455,47.0022],[11.9799,47.0505],[12.0218,47.0478],[12.1366,47.0812],[12.0824,47.1924],[12.1029,47.2367],[12.0767,47.2701],[12.2168,47.312],[12.2647,47.3027],[12.3049,47.331],[12.3752,47.3118],[12.499,47.3452],[12.5067,47.3947],[12.5792,47.393],[12.6382,47.4371],[12.632,47.4651],[12.6727,47.5003],[12.6423,47.555],[12.6532,47.5897],[12.5752,47.6055],[12.5757,47.6329]]]]},"properties":{"countryCode":"AT","regionCode":"AT-7","name":"Tirol","territoryId":"demo-at"}},
{"type":"Feature","geometry":{"type":"Polygon","coordinates":[[[10.1786,47.2707],[10.1743,47.2708],[10.1728,47.2747],[10.1755,47.2764],[10.1724,47.2797],[10.1786,47.2953],[10.1811,47.2968],[10.1851,47.2945],[10.19,47.2945],[10.1994,47.2981],[10.2111,47.3069],[10.2121,47.3113],[10.2163,47.3117],[10.2114,47.3196],[10.1998,47.3271],[10.2077,47.3329],[10.2079,47.3355],[10.2045,47.3373],[10.2175,47.3506],[10.2173,47.3549],[10.2249,47.3594],[10.231,47.3687],[10.2375,47.3742],[10.2274,47.3895],[10.2189,47.3831],[10.2129,47.381],[10.2086,47.3836],[10.2002,47.384],[10.1876,47.3906],[10.1196,47.3762],[10.1001,47.3554],[10.0831,47.3944],[10.0866,47.4],[10.08,47.4049],[10.0732,47.4067],[10.0694,47.4108],[10.0745,47.4153],[10.0857,47.4151],[10.096,47.4185],[10.0962,47.4228],[10.1059,47.4293],[10.0919,47.4596],[10.085,47.4597],[10.0809,47.456],[10.0703,47.4566],[10.0538,47.4675],[10.052,47.4716],[10.0544,47.4765],[10.0377,47.4898],[9.9414,47.5388],[9.8894,47.5446],[9.8815,47.5488],[9.8783,47.5394],[9.8742,47.5342],[9.876,47.5326],[9.8748,47.5292],[9.8688,47.5327],[9.8588,47.5345],[9.854,47.5404],[9.8302,47.545],[9.8284,47.5473],[9.816,47.5483],[9.8171,47.5537],[9.8214,47.5556],[9.8262,47.561],[9.8277,47.5793],[9.8241,47.5877],[9.8146,47.5887],[9.8026,47.5966],[9.7773,47.5961],[9.7566,47.5804],[9.7562,47.573],[9.7355,47.5473],[9.7359,47.5348],[9.5621,47.5052],[9.5962,47.4634],[9.6446,47.4364],[9.6519,47.4052],[9.6721,47.3937],[9.6743,47.3908],[9.6734,47.3817],[9.6627,47.3717],[9.6508,47.3682],[9.6247,47.3668],[9.5882,47.3179],[9.5568,47.299],[9.531,47.2712],[9.54,47.2657],[9.5397,47.262],[9.5597,47.2511],[9.5674,47.2425],[9.5797,47.1717],[9.6219,47.1519],[9.6338,47.084],[9.7483,47.0375],[9.7852,47.0391],[9.8926,46.9909],[9.8768,46.9413],[9.9218,46.9194],[10.0181,46.9022],[10.0929,46.8586],[10.1452,46.8515],[10.0985,46.9279],[10.1599,46.9995],[10.1235,47.0227],[10.1452,47.0975],[10.2223,47.1534],[10.213,47.2048],[10.1786,47.2707]]]},"properties":{"countryCode":"AT","regionCode":"AT-8","name":"Vorarlberg","territoryId":"demo-at"}},
{"type":"Feature","geometry":{"type":"Polygon","coordinates":[[[16.4164,48.3227],[16.3681,48.2815],[16.3071,48.2723],[16.2108,48.2101],[16.1974,48.1645],[16.222,48.1361],[16.3258,48.1383],[16.4129,48.1208],[16.5375,48.178],[16.554,48.2395],[16.5161,48.286],[16.4416,48.2924],[16.4164,48.3227]]]},"properties":{"countryCode":"AT","regionCode":"AT-9","name":"Wien","territoryId":"demo-at"}},
{"type":"Feature","geometry":{"type":"Polygon","coordinates":[[[8.4257,47.5679],[8.3826,47.5657],[8.3292,47.571],[8.3219,47.5741],[8.3109,47.5834],[8.2978,47.5892],[8.2953,47.5946],[8.2977,47.6052],[8.2925,47.6089],[8.2793,47.6117],[8.2649,47.6093],[8.2606,47.6146],[8.2573,47.6153],[8.2449,47.6125],[8.2379,47.6127],[8.2265,47.605],[8.2197,47.6176],[8.206,47.6211],[8.1969,47.6184],[8.1649,47.5942],[8.1159,47.5839],[8.1098,47.5826],[8.1031,47.5763],[8.0995,47.5628],[8.0893,47.5577],[8.0813,47.5581],[8.0673,47.5645],[8.0594,47.5635],[8.0473,47.5557],[8.0213,47.5503],[7.9186,47.5474],[7.912,47.5508],[7.9072,47.5599],[7.9114,47.5666],[7.9106,47.5714],[7.8921,47.5874],[7.8847,47.5888],[7.8681,47.5887],[7.8426,47.5821],[7.8378,47.5828],[7.8322,47.5868],[7.8231,47.588],[7.8182,47.5862],[7.8115,47.5692],[7.7957,47.5574],[7.7522,47.5448],[7.72,47.5418],[7.7135,47.5396],[7.716,47.5358],[7.7236,47.5368],[7.7332,47.5328],[7.738,47.5273],[7.8939,47.5062],[7.9568,47.4552],[7.9742,47.4195],[8.0266,47.3956],[8.0074,47.3393],[7.9765,47.3234],[7.9079,47.3395],[7.8251,47.2656],[7.8387,47.2348],[7.9335,47.2359],[7.9869,47.276],[8.063,47.2467],[8.0884,47.2629],[8.1847,47.2224],[8.2286,47.2734],[8.2869,47.2793],[8.3622,47.1461],[8.4122,47.1406],[8.3948,47.2257],[8.4101,47.2484],[8.4291,47.3007],[8.3577,47.5025],[8.4044,47.5343],[8.4257,47.5679]]]},"properties":{"countryCode":"CH","regionCode":"CH-AG","name":"Aargau","territoryId":"demo-ch"}},
{"type":"Feature","geometry":{"type":"Polygon","coordinates":[[[9.5029,47.3474],[9.5096,47.3947],[9.5553,47.3964],[9.583,47.4096],[9.6178,47.4377],[9.5806,47.4625],[9.4531,47.4327],[9.4038,47.4012],[9.2365,47.3962],[9.1944,47.359],[9.2388,47.2646],[9.3433,47.2494],[9.3136,47.2914],[9.359,47.3851],[9.5029,47.3474]]]},"properties":{"countryCode":"CH","regionCode":"CH-AR","name":"Appenzell Ausserrhoden","territoryId":"demo-ch"}},
{"type":"Feature","geometry":{"type":"Polygon","coordinates":[[[9.3433,47.2494],[9.382,47.234],[9.4729,47.2712],[9.5029,47.3474],[9.359,47.3851],[9.3136,47.2914],[9.3433,47.2494]]]},"properties":{"countryCode":"CH","regionCode":"CH-AI","name":"Appenzell Innerrhoden","territoryId":"demo-ch"}},
{"type":"Feature","geometry":{"type":"MultiPolygon","coordinates":[[[[7.376,47.4141],[7.3811,47.432],[7.3738,47.4338],[7.3548,47.4339],[7.3471,47.4355],[7.3273,47.44],[7.358,47.4182],[7.376,47.4141]]],[[[7.7135,47.5396],[7.6944,47.5325],[7.6803,47.5328],[7.6702,47.535],[7.6651,47.5382],[7.6609,47.5452],[7.6499,47.5479],[7.641,47.5572],[7.634,47.5612],[7.5948,47.5193],[7.5648,47.5457],[7.5646,47.557],[7.5547,47.5644],[7.5365,47.5555],[7.5273,47.5528],[7.5168,47.5454],[7.4992,47.5401],[7.498,47.5362],[7.5023,47.5284],[7.5194,47.5347],[7.5244,47.5319],[7.5268,47.5329],[7.5312,47.5282],[7.5023,47.5149],[7.5105,47.5026],[7.5148,47.4978],[7.5318,47.4974],[7.5307,47.4612],[7.4458,47.462],[7.43,47.4595],[7.4278,47.4573],[7.4288,47.4539],[7.4224,47.4507],[7.4245,47.4499],[7.4209,47.4459],[7.4254,47.4433],[7.4378,47.4463],[7.4556,47.4279],[7.4484,47.4151],[7.376,47.4141],[7.4373,47.3809],[7.5186,47.3882],[7.6226,47.4571],[7.6073,47.4894],[7.6998,47.4806],[7.6798,47.4175],[7.6327,47.41],[7.6442,47.3672],[7.7279,47.3689],[7.7515,47.3443],[7.9618,47.4218],[7.9568,47.4552],[7.8939,47.5062],[7.738,47.5273],[7.7332,47.5328],[7.7236,47.5368],[7.716,47.5358],[7.7135,47.5396]]]]},"properties":{"countryCode":"CH","regionCode":"CH-BL","name":"Basel-Landschaft","territoryId":"demo-ch"}},
{"type":"Feature","geometry":{"type":"Polygon","coordinates":[[[7.634,47.5612],[7.6361,47.5639],[7.6483,47.5599],[7.6707,47.5658],[7.6725,47.5637],[7.6791,47.5695],[7.6835,47.5713],[7.6809,47.5827],[7.6673,47.592],[7.6457,47.597],[7.6418,47.5942],[7.6432,47.5913],[7.6191,47.5769],[7.6049,47.5779],[7.6048,47.5849],[7.589,47.5899],[7.5847,47.5809],[7.5847,47.5755],[7.5665,47.5777],[7.5547,47.5644],[7.5646,47.557],[7.5648,47.5457],[7.5948,47.5193],[7.634,47.5612]]]},"properties":{"countryCode":"CH","regionCode":"CH-BS","name":"Basel-Stadt","territoryId":"demo-ch"}},
{"type":"Feature","geometry":{"type":"Polygon","coordinates":[[[7.8251,47.2656],[7.7327,47.2591],[7.7009,47.2865],[7.5801,47.2764],[7.5959,47.2456],[7.6746,47.1909],[7.6526,47.1515],[7.5578,47.168],[7.5097,47.1255],[7.434,47.1005],[7.4038,47.1177],[7.4546,47.1563],[7.3919,47.1663],[7.3404,47.2176],[7.4209,47.2429],[7.5583,47.3224],[7.496,47.3021],[7.3786,47.315],[7.317,47.2904],[7.2426,47.2852],[7.1638,47.2941],[7.1398,47.2432],[7.0598,47.2428],[7.0234,47.1957],[6.9522,47.1874],[6.8837,47.1504],[6.8615,47.1656],[6.9266,47.1092],[6.996,47.1189],[7.0757,47.0963],[7.0877,47.0597],[7.0335,47.0303],[7.0402,46.9798],[7.0923,46.9761],[7.2178,47.0064],[7.2078,46.9091],[7.3534,46.8868],[7.2905,46.772],[7.3005,46.7221],[7.3769,46.6927],[7.3693,46.6556],[7.3211,46.6546],[7.3207,46.5919],[7.2371,46.5538],[7.2492,46.5211],[7.2241,46.4869],[7.2226,46.442],[7.1937,46.3789],[7.2215,46.3292],[7.2623,46.3582],[7.3549,46.3507],[7.3994,46.3765],[7.527,46.3746],[7.5286,46.4003],[7.6075,46.4249],[7.6261,46.4451],[7.7085,46.4139],[7.8447,46.4785],[7.8977,46.4824],[7.9676,46.5128],[7.963,46.5394],[8.0326,46.5622],[8.1745,46.5314],[8.2418,46.5265],[8.3033,46.5457],[8.3647,46.5825],[8.3801,46.6342],[8.4103,46.6529],[8.4523,46.6887],[8.4483,46.7634],[8.3952,46.7715],[8.3689,46.7879],[8.2835,46.7532],[8.1898,46.7703],[8.1469,46.7548],[8.0908,46.7844],[8.0469,46.7871],[7.9859,46.7752],[7.8771,46.8371],[7.8566,46.8835],[7.9461,46.9689],[7.8748,47.041],[7.8759,47.1832],[7.8387,47.2348],[7.8251,47.2656]]]},"properties":{"countryCode":"CH","regionCode":"CH-BE","name":"Bern","territoryId":"demo-ch"}},
{"type":"Feature","geometry":{"type":"MultiPolygon","coordinates":[[[[6.7798,46.853],[6.7419,46.8279],[6.8254,46.7728],[6.9171,46.7847],[6.9102,46.8388],[6.9306,46.8532],[6.8657,46.9096],[6.7798,46.853]]],[[[7.0402,46.9798],[7.0403,46.9795],[7.0934,46.9058],[7.0162,46.8808],[6.9282,46.9534],[6.8962,46.9255],[6.9889,46.8735],[6.9928,46.8319],[6.9201,46.7599],[6.9356,46.7332],[6.8535,46.6555],[6.7969,46.6331],[6.7995,46.5741],[6.8464,46.5839],[6.8882,46.5581],[6.8109,46.5252],[6.8489,46.4934],[6.8977,46.5148],[6.9721,46.4912],[6.9921,46.4489],[7.0611,46.4873],[7.1054,46.4893],[7.1922,46.5466],[7.2371,46.5538],[7.3207,46.5919],[7.3211,46.6546],[7.3693,46.6556],[7.3769,46.6927],[7.3005,46.7221],[7.2905,46.772],[7.3534,46.8868],[7.2078,46.9091],[7.2178,47.0064],[7.0923,46.9761],[7.0402,46.9798]]]]},"properties":{"countryCode":"CH","regionCode":"CH-FR","name":"Fribourg","territoryId":"demo-ch"}},
{"type":"Feature","geometry":{"type":"Polygon","coordinates":[[[6.2196,46.3119],[6.1987,46.2844],[6.1407,46.3047],[6.1258,46.3175],[6.1198,46.3125],[6.1192,46.3078],[6.1208,46.3068],[6.1188,46.3028],[6.1218,46.2991],[6.1186,46.2959],[6.1141,46.2947],[6.1024,46.2849],[6.1051,46.283],[6.1033,46.2787],[6.1245,46.2526],[6.1208,46.248],[6.1088,46.2399],[6.1014,46.2376],[6.0881,46.2471],[6.0735,46.2437],[6.073,46.2413],[6.0673,46.2418],[6.0633,46.2458],[6.0559,46.2417],[6.0461,46.2314],[6.0337,46.2386],[6.0255,46.2332],[6.0164,46.232],[6.0153,46.2304],[6.013,46.231],[6.0133,46.2291],[6.0096,46.229],[6.0097,46.2273],[6.0066,46.2265],[6.0015,46.2205],[5.9929,46.223],[5.9902,46.2217],[5.9936,46.2179],[5.9928,46.2152],[5.9792,46.2173],[5.9734,46.2137],[5.9693,46.2066],[5.9734,46.2026],[5.9656,46.1995],[5.9637,46.197],[5.9949,46.1818],[5.9801,46.1663],[5.9643,46.1448],[5.9663,46.1379],[5.9559,46.1324],[5.9568,46.1288],[5.9611,46.1308],[5.9652,46.1297],[5.9695,46.132],[5.9767,46.1332],[5.9819,46.1374],[5.9835,46.143],[6.015,46.1431],[6.0239,46.1404],[6.0285,46.1404],[6.0317,46.1394],[6.0315,46.138],[6.033,46.1387],[6.0354,46.1343],[6.0393,46.1396],[6.0425,46.1414],[6.0451,46.14],[6.0476,46.1422],[6.0485,46.1471],[6.0523,46.1513],[6.0918,46.1519],[6.0985,46.1438],[6.1202,46.1428],[6.1281,46.1403],[6.1364,46.1416],[6.1419,46.1472],[6.1686,46.1572],[6.1742,46.1578],[6.1856,46.1641],[6.1888,46.1664],[6.1862,46.1754],[6.1871,46.1804],[6.195,46.1842],[6.1979,46.1834],[6.2052,46.1918],[6.2123,46.1928],[6.2183,46.1987],[6.2219,46.2007],[6.2281,46.2024],[6.234,46.2064],[6.277,46.2155],[6.2668,46.2477],[6.2617,46.2546],[6.2498,46.2622],[6.2429,46.2729],[6.2376,46.2776],[6.238,46.2821],[6.2418,46.285],[6.2489,46.2865],[6.253,46.2904],[6.2486,46.2943],[6.2502,46.2964],[6.2483,46.2965],[6.2493,46.2989],[6.247,46.3],[6.249,46.3019],[6.2196,46.3119]]]},"properties":{"countryCode":"CH","regionCode":"CH-GE","name":"Genève","territoryId":"demo-ch"}},
{"type":"Feature","geometry":{"type":"Polygon","coordinates":[[[8.8771,46.8129],[8.9283,46.7965],[9.009,46.8112],[9.0647,46.8752],[9.1123,46.8506],[9.1882,46.8764],[9.2489,46.9163],[9.2364,47.024],[9.1805,47.0259],[9.1899,47.1237],[9.0681,47.13],[9.0047,47.1733],[8.9674,47.1366],[8.9481,47.0494],[8.9005,47.0355],[8.9457,46.9672],[8.9354,46.9199],[8.9559,46.8753],[8.8712,46.842],[8.8771,46.8129]]]},"properties":{"countryCode":"CH","regionCode":"CH-GL","name":"Glarus","territoryId":"demo-ch"}},
{"type":"Feature","geometry":{"type":"Polygon","coordinates":[[[8.8771,46.8129],[8.8277,46.7916],[8.813,46.7373],[8.6744,46.6921],[8.6787,46.5792],[8.8432,46.5634],[9.0062,46.6109],[9.0428,46.5888],[9.0166,46.532],[9.0453,46.4814],[9.0736,46.4803],[9.1031,46.4127],[9.0883,46.3492],[9.0539,46.2922],[9.0869,46.2143],[9.1594,46.1696],[9.1946,46.1792],[9.221,46.2291],[9.2993,46.3272],[9.2761,46.3678],[9.2803,46.4142],[9.2482,46.4332],[9.2834,46.497],[9.3734,46.5039],[9.4117,46.4669],[9.4627,46.498],[9.4544,46.4208],[9.469,46.3886],[9.5426,46.306],[9.6423,46.2869],[9.7145,46.2929],[9.7369,46.3509],[9.7776,46.3349],[9.9068,46.3809],[9.9528,46.3793],[9.996,46.3422],[9.9959,46.2849],[10.0555,46.2659],[10.0438,46.2299],[10.146,46.2305],[10.1625,46.2823],[10.1044,46.3336],[10.1277,46.3777],[10.164,46.3907],[10.1291,46.4318],[10.0644,46.4259],[10.0391,46.447],[10.0614,46.5457],[10.1276,46.6051],[10.2241,46.6291],[10.2591,46.6102],[10.2461,46.575],[10.2961,46.55],[10.3639,46.5555],[10.4719,46.5431],[10.4911,46.6111],[10.4434,46.6394],[10.4023,46.6368],[10.4002,46.7327],[10.444,46.7624],[10.4718,46.8487],[10.4647,46.8843],[10.4893,46.9378],[10.422,46.9608],[10.3983,46.9971],[10.355,46.9924],[10.3094,46.9502],[10.3161,46.9252],[10.291,46.9233],[10.2669,46.9288],[10.2406,46.9314],[10.2257,46.8959],[10.2348,46.8847],[10.232,46.8758],[10.2327,46.8709],[10.2308,46.8694],[10.2327,46.8663],[10.1691,46.8507],[10.1231,46.8485],[10.0512,46.8639],[10.0178,46.9016],[9.9215,46.9188],[9.8766,46.9407],[9.8923,46.9904],[9.7849,47.0385],[9.7481,47.0369],[9.6821,47.0588],[9.5398,47.0651],[9.4758,47.0518],[9.5456,46.9766],[9.5174,46.9684],[9.4489,46.8729],[9.3817,46.8976],[9.2489,46.9163],[9.1882,46.8764],[9.1123,46.8506],[9.0647,46.8752],[9.009,46.8112],[8.9283,46.7965],[8.8771,46.8129]]]},"properties":{"countryCode":"CH","regionCode":"CH-GR","name":"Graubünden","territoryId":"demo-ch"}},
{"type":"Feature","geometry":{"type":"Polygon","coordinates":[[[7.3273,47.44],[7.255,47.4244],[7.1702,47.443],[7.1775,47.4681],[7.1909,47.4885],[7.203,47.4914],[7.201,47.4943],[7.1731,47.4898],[7.1623,47.49],[7.1504,47.4973],[7.1392,47.5018],[7.128,47.5039],[7.1125,47.4951],[7.0721,47.4924],[7.0524,47.4951],[7.0445,47.4984],[7.0369,47.4975],[7.0366,47.4992],[7.0276,47.5013],[7.0249,47.5043],[7.0215,47.5045],[7.0004,47.4997],[6.986,47.4933],[6.983,47.4946],[6.9864,47.4921],[6.9886,47.4869],[6.9864,47.4763],[6.9883,47.4731],[6.993,47.4711],[6.9917,47.4664],[7.0005,47.4672],[7.0013,47.4619],[6.9975,47.4564],[7.0022,47.4542],[6.9703,47.4471],[6.9663,47.4377],[6.9637,47.4358],[6.9576,47.4338],[6.955,47.4353],[6.9403,47.4333],[6.9384,47.4061],[6.8836,47.3729],[6.8794,47.3578],[6.8793,47.3526],[6.887,47.3533],[6.9028,47.3596],[6.9241,47.3552],[6.9331,47.3584],[6.9428,47.3577],[6.9843,47.3637],[7.0122,47.3729],[7.057,47.3344],[7.01,47.3245],[7.0162,47.3147],[7.0076,47.301],[7.0037,47.3016],[6.996,47.2957],[6.9764,47.2963],[6.9761,47.2931],[6.9737,47.2913],[6.9685,47.2927],[6.9622,47.2914],[6.949,47.2916],[6.941,47.2867],[6.9408,47.2315],[6.8807,47.2005],[6.864,47.1804],[6.8409,47.1713],[6.8445,47.1668],[6.8584,47.1654],[6.8615,47.1656],[6.8837,47.1504],[6.9522,47.1874],[7.0234,47.1957],[7.0598,47.2428],[7.1398,47.2432],[7.1638,47.2941],[7.2426,47.2852],[7.317,47.2904],[7.3786,47.315],[7.496,47.3021],[7.5583,47.3224],[7.5522,47.3453],[7.5237,47.3721],[7.4373,47.3809],[7.376,47.4141],[7.358,47.4182],[7.3273,47.44]]]},"properties":{"countryCode":"CH","regionCode":"CH-JU","name":"Jura","territoryId":"demo-ch"}},
{"type":"Feature","geometry":{"type":"Polygon","coordinates":[[[7.8387,47.2348],[7.8759,47.1832],[7.8748,47.041],[7.9461,46.9689],[7.8566,46.8835],[7.8771,46.8371],[7.9859,46.7752],[8.0469,46.7871],[8.0422,46.8365],[8.0698,46.8957],[8.1222,46.9092],[8.2289,46.9731],[8.2655,46.9982],[8.4682,46.9965],[8.5006,47.0247],[8.4302,47.0654],[8.4204,47.1017],[8.4931,47.1002],[8.4804,47.1263],[8.4122,47.1406],[8.3622,47.1461],[8.2869,47.2793],[8.2286,47.2734],[8.1847,47.2224],[8.0884,47.2629],[8.063,47.2467],[7.9869,47.276],[7.9335,47.2359],[7.8387,47.2348]]]},"properties":{"countryCode":"CH","regionCode":"CH-LU","name":"Luzern","territoryId":"demo-ch"}},
{"type":"Feature","geometry":{"type":"Polygon","coordinates":[[[6.8615,47.1656],[6.8584,47.1654],[6.8499,47.1564],[6.8284,47.1465],[6.8157,47.1359],[6.8081,47.1354],[6.806,47.1307],[6.7794,47.1238],[6.776,47.1214],[6.7647,47.1204],[6.618,46.9916],[6.5048,46.9657],[6.4965,46.9741],[6.4777,46.9618],[6.4535,46.9387],[6.4327,46.9287],[6.4359,46.9216],[6.4579,46.9008],[6.4646,46.8904],[6.46,46.8513],[6.5233,46.8566],[6.7208,46.9361],[6.74,46.872],[6.7798,46.853],[6.8657,46.9096],[6.8962,46.9255],[6.9282,46.9534],[7.0024,46.9869],[7.0403,46.9795],[7.0402,46.9798],[7.0335,47.0303],[7.0877,47.0597],[7.0757,47.0963],[6.996,47.1189],[6.9266,47.1092],[6.8615,47.1656]]]},"properties":{"countryCode":"CH","regionCode":"CH-NE","name":"Neuchâtel","territoryId":"demo-ch"}},
{"type":"Feature","geometry":{"type":"Polygon","coordinates":[[[8.3952,46.7715],[8.3683,46.8498],[8.4708,46.8548],[8.4643,46.9047],[8.5441,46.9279],[8.571,46.9902],[8.4966,46.9764],[8.4682,46.9965],[8.2655,46.9982],[8.2289,46.9731],[8.311,46.969],[8.2883,46.9339],[8.3435,46.9149],[8.3221,46.8202],[8.3689,46.7879],[8.3952,46.7715]]]},"properties":{"countryCode":"CH","regionCode":"CH-NW","name":"Nidwalden","territoryId":"demo-ch"}},
{"type":"Feature","geometry":{"type":"MultiPolygon","coordinates":[[[[8.4483,46.7634],[8.4914,46.7725],[8.4708,46.8548],[8.3683,46.8498],[8.3952,46.7715],[8.4483,46.7634]]],[[[8.3689,46.7879],[8.3221,46.8202],[8.3435,46.9149],[8.2883,46.9339],[8.311,46.969],[8.2289,46.9731],[8.1222,46.9092],[8.0698,46.8957],[8.0422,46.8365],[8.0469,46.7871],[8.0908,46.7844],[8.1469,46.7548],[8.1898,46.7703],[8.2835,46.7532],[8.3689,46.7879]]]]},"properties":{"countryCode":"CH","regionCode":"CH-OW","name":"Obwalden","territoryId":"demo-ch"}},
{"type":"Feature","geometry":{"type":"MultiPolygon","coordinates":[[[[8.5631,47.5994],[8.5354,47.5871],[8.5672,47.5621],[8.5828,47.5929],[8.5943,47.5964],[8.5957,47.6056],[8.5843,47.5998],[8.5826,47.5961],[8.5769,47.5968],[8.5749,47.5955],[8.5715,47.5981],[8.5666,47.5971],[8.5631,47.5994]]],[[[8.8754,47.6549],[8.8564,47.6891],[8.8255,47.711],[8.8127,47.7238],[8.8048,47.7245],[8.8085,47.7312],[8.8067,47.7383],[8.7966,47.7345],[8.7918,47.7288],[8.7848,47.7273],[8.7808,47.7217],[8.794,47.7042],[8.7976,47.7028],[8.7976,47.6972],[8.8063,47.6965],[8.8062,47.6916],[8.8001,47.6918],[8.7961,47.6753],[8.8754,47.6549]]],[[[8.728,47.6928],[8.7265,47.6966],[8.7277,47.7004],[8.7322,47.7118],[8.7363,47.7163],[8.733,47.7185],[8.7247,47.7201],[8.7248,47.7213],[8.7179,47.7216],[8.7112,47.7301],[8.7236,47.7456],[8.7395,47.7465],[8.7411,47.752],[8.729,47.758],[8.7308,47.7596],[8.7273,47.7623],[8.7141,47.7654],[8.6887,47.7584],[8.681,47.7866],[8.6114,47.8019],[8.6009,47.803],[8.5929,47.7987],[8.5877,47.8027],[8.5754,47.7996],[8.5731,47.8061],[8.5631,47.8038],[8.562,47.7926],[8.575,47.7896],[8.5202,47.7705],[8.489,47.7732],[8.4841,47.7709],[8.4725,47.7634],[8.4571,47.7499],[8.4558,47.7428],[8.4508,47.7402],[8.4499,47.7375],[8.4526,47.7308],[8.4571,47.7302],[8.4546,47.7271],[8.4549,47.7225],[8.4453,47.7231],[8.4171,47.7102],[8.4046,47.698],[8.4208,47.6839],[8.4085,47.6786],[8.4056,47.6742],[8.4671,47.6415],[8.523,47.6449],[8.5346,47.6497],[8.5291,47.655],[8.5269,47.6605],[8.5544,47.6694],[8.5637,47.67],[8.5648,47.6653],[8.5777,47.6615],[8.5873,47.6663],[8.5933,47.6668],[8.598,47.6727],[8.6062,47.6687],[8.6634,47.6858],[8.7179,47.6907],[8.728,47.6928]]]]},"properties":{"countryCode":"CH","regionCode":"CH-SH","name":"Schaffhausen","territoryId":"demo-ch"}},
{"type":"Feature","geometry":{"type":"Polygon","coordinates":[[[9.0047,47.1733],[8.962,47.1795],[8.969,47.2173],[8.8412,47.2082],[8.8086,47.2201],[8.6942,47.1964],[8.6922,47.1634],[8.6818,47.125],[8.6373,47.0933],[8.5219,47.0899],[8.4931,47.1002],[8.4204,47.1017],[8.4302,47.0654],[8.5006,47.0247],[8.4682,46.9965],[8.4966,46.9764],[8.571,46.9902],[8.6044,46.952],[8.6986,46.9243],[8.8107,46.9415],[8.8478,46.891],[8.9354,46.9199],[8.9457,46.9672],[8.9005,47.0355],[8.9481,47.0494],[8.9674,47.1366],[9.0047,47.1733]]]},"properties":{"countryCode":"CH","regionCode":"CH-SZ","name":"Schwyz","territoryId":"demo-ch"}},
{"type":"Feature","geometry":{"type":"MultiPolygon","coordinates":[[[[7.376,47.4141],[7.4484,47.4151],[7.4556,47.4279],[7.4378,47.4463],[7.4254,47.4433],[7.4209,47.4459],[7.4032,47.4387],[7.4031,47.4355],[7.3939,47.4352],[7.3856,47.4319],[7.3821,47.433],[7.3811,47.432],[7.376,47.4141]]],[[[7.9568,47.4552],[7.9618,47.4218],[7.7515,47.3443],[7.7279,47.3689],[7.6442,47.3672],[7.6327,47.41],[7.6798,47.4175],[7.6998,47.4806],[7.6073,47.4894],[7.6226,47.4571],[7.5186,47.3882],[7.4373,47.3809],[7.5237,47.3721],[7.5522,47.3453],[7.5583,47.3224],[7.4209,47.2429],[7.3404,47.2176],[7.3919,47.1663],[7.4546,47.1563],[7.4038,47.1177],[7.434,47.1005],[7.5097,47.1255],[7.5578,47.168],[7.6526,47.1515],[7.6746,47.1909],[7.5959,47.2456],[7.5801,47.2764],[7.7009,47.2865],[7.7327,47.2591],[7.8251,47.2656],[7.9079,47.3395],[7.9765,47.3234],[8.0074,47.3393],[8.0266,47.3956],[7.9742,47.4195],[7.9568,47.4552]]],[[[7.5105,47.5026],[7.5088,47.5023],[7.5111,47.497],[7.5011,47.4935],[7.4876,47.4821],[7.4771,47.4801],[7.4708,47.4807],[7.4294,47.4829],[7.4321,47.481],[7.4436,47.4785],[7.4484,47.4738],[7.4502,47.4753],[7.4557,47.4734],[7.4558,47.4707],[7.4502,47.4675],[7.4458,47.462],[7.5307,47.4612],[7.5318,47.4974],[7.5148,47.4978],[7.5105,47.5026]]]]},"properties":{"countryCode":"CH","regionCode":"CH-SO","name":"Solothurn","territoryId":"demo-ch"}},
{"type":"Feature","geometry":{"type":"Polygon","coordinates":[[[9.2489,46.9163],[9.3817,46.8976],[9.4489,46.8729],[9.5174,46.9684],[9.5456,46.9766],[9.4758,47.0518],[9.5189,47.1055],[9.4858,47.1814],[9.531,47.271],[9.5462,47.28],[9.5564,47.2984],[9.5881,47.3174],[9.6245,47.3661],[9.6505,47.3675],[9.6604,47.3701],[9.6706,47.3778],[9.6738,47.3839],[9.6725,47.3926],[9.6601,47.3975],[9.6516,47.4046],[9.6444,47.4341],[9.5955,47.463],[9.562,47.4963],[9.5587,47.5419],[9.5069,47.5497],[9.4065,47.4941],[9.3383,47.5289],[9.321,47.4908],[9.2635,47.4747],[9.2064,47.4867],[9.0125,47.49],[9.0518,47.4442],[8.9908,47.4281],[8.9435,47.3759],[8.9718,47.3525],[8.975,47.307],[8.9092,47.2545],[8.8268,47.2515],[8.8086,47.2201],[8.8412,47.2082],[8.969,47.2173],[8.962,47.1795],[9.0047,47.1733],[9.0681,47.13],[9.1899,47.1237],[9.1805,47.0259],[9.2364,47.024],[9.2489,46.9163]],[[9.6178,47.4377],[9.583,47.4096],[9.5553,47.3964],[9.5096,47.3947],[9.5029,47.3474],[9.4729,47.2712],[9.382,47.234],[9.3433,47.2494],[9.2388,47.2646],[9.1944,47.359],[9.2365,47.3962],[9.4038,47.4012],[9.4531,47.4327],[9.5806,47.4625],[9.6178,47.4377]]]},"properties":{"countryCode":"CH","regionCode":"CH-SG","name":"St. Gallen","territoryId":"demo-ch"}},
{"type":"Feature","geometry":{"type":"Polygon","coordinates":[[[8.7961,47.6753],[8.7913,47.675],[8.7834,47.6772],[8.757,47.6896],[8.728,47.6928],[8.7179,47.6907],[8.6694,47.6849],[8.6881,47.65],[8.7434,47.6398],[8.8264,47.6467],[8.8017,47.603],[8.8408,47.5327],[8.8983,47.5242],[8.8843,47.4697],[8.9088,47.4483],[8.9035,47.4021],[8.9435,47.3759],[8.9908,47.4281],[9.0518,47.4442],[9.0125,47.49],[9.2064,47.4867],[9.2635,47.4747],[9.321,47.4908],[9.3383,47.5289],[9.4065,47.4941],[9.5069,47.5497],[9.3947,47.6203],[9.2566,47.6587],[9.1703,47.655],[9.1578,47.6658],[9.1508,47.6676],[9.1392,47.6642],[9.118,47.6687],[9.0942,47.6794],[9.0238,47.6869],[8.8982,47.6482],[8.8754,47.6549],[8.7961,47.6753]]]},"properties":{"countryCode":"CH","regionCode":"CH-TG","name":"Thurgau","territoryId":"demo-ch"}},
{"type":"Feature","geometry":{"type":"Polygon","coordinates":[[[8.6787,46.5792],[8.6408,46.5641],[8.5392,46.5868],[8.5195,46.5389],[8.4776,46.5276],[8.4431,46.4954],[8.4014,46.4924],[8.3847,46.4522],[8.4457,46.4637],[8.4712,46.3959],[8.4654,46.3339],[8.4277,46.2983],[8.4702,46.2323],[8.5324,46.2183],[8.6097,46.1329],[8.714,46.0972],[8.8153,46.0973],[8.8546,46.0616],[8.7931,46.0081],[8.8683,45.9606],[8.9241,45.9056],[8.9488,45.8434],[9.0165,45.818],[9.0852,45.896],[9.0225,45.9371],[9.0174,46.05],[9.0783,46.0653],[9.0725,46.1181],[9.1215,46.1348],[9.1594,46.1696],[9.0869,46.2143],[9.0539,46.2922],[9.0883,46.3492],[9.1031,46.4127],[9.0736,46.4803],[9.0453,46.4814],[9.0166,46.532],[9.0428,46.5888],[9.0062,46.6109],[8.8432,46.5634],[8.6787,46.5792]]]},"properties":{"countryCode":"CH","regionCode":"CH-TI","name":"Ticino","territoryId":"demo-ch"}},
{"type":"Feature","geometry":{"type":"Polygon","coordinates":[[[8.4103,46.6529],[8.4061,46.586],[8.4293,46.5433],[8.4776,46.5276],[8.5195,46.5389],[8.5392,46.5868],[8.6408,46.5641],[8.6787,46.5792],[8.6744,46.6921],[8.813,46.7373],[8.8277,46.7916],[8.8771,46.8129],[8.8712,46.842],[8.9559,46.8753],[8.9354,46.9199],[8.8478,46.891],[8.8107,46.9415],[8.6986,46.9243],[8.6044,46.952],[8.571,46.9902],[8.5441,46.9279],[8.4643,46.9047],[8.4708,46.8548],[8.4914,46.7725],[8.4483,46.7634],[8.4523,46.6887],[8.4103,46.6529]]]},"properties":{"countryCode":"CH","regionCode":"CH-UR","name":"Uri","territoryId":"demo-ch"}},
{"type":"Feature","geometry":{"type":"Polygon","coordinates":[[[7.2215,46.3292],[7.1502,46.2431],[7.0884,46.2016],[7.0332,46.1871],[7.0021,46.233],[6.8945,46.3416],[6.8848,46.3761],[6.8211,46.4272],[6.8054,46.3784],[6.7927,46.3676],[6.7714,46.361],[6.771,46.3538],[6.7721,46.3503],[6.7843,46.3328],[6.8004,46.32],[6.8198,46.3156],[6.8474,46.2899],[6.8544,46.2925],[6.8578,46.2913],[6.8649,46.2802],[6.8589,46.2739],[6.8602,46.2662],[6.8545,46.2593],[6.852,46.2521],[6.8398,46.2482],[6.8372,46.2408],[6.8307,46.2344],[6.8212,46.2323],[6.8216,46.2231],[6.8035,46.2046],[6.798,46.1364],[6.8824,46.1229],[6.8919,46.0851],[6.9501,46.0516],[7.0105,45.9974],[7.0374,45.9549],[7.0357,45.9383],[7.0437,45.9232],[7.0531,45.9156],[7.0645,45.9093],[7.1011,45.8593],[7.1535,45.8793],[7.3443,45.9152],[7.3824,45.8965],[7.4747,45.9358],[7.4777,45.9523],[7.5886,45.9705],[7.6683,45.9738],[7.7351,45.924],[7.7693,45.9371],[7.8721,45.9198],[7.8774,45.9739],[7.9087,45.9969],[7.9891,45.9959],[8.0354,46.044],[8.0348,46.1008],[8.1082,46.1116],[8.1444,46.1368],[8.1533,46.1911],[8.1389,46.2261],[8.0859,46.2666],[8.1374,46.3017],[8.1789,46.2974],[8.3129,46.3771],[8.2889,46.4081],[8.3847,46.4522],[8.4014,46.4924],[8.4431,46.4954],[8.4776,46.5276],[8.4293,46.5433],[8.4061,46.586],[8.4103,46.6529],[8.3801,46.6342],[8.3647,46.5825],[8.3033,46.5457],[8.2418,46.5265],[8.1745,46.5314],[8.0326,46.5622],[7.963,46.5394],[7.9676,46.5128],[7.8977,46.4824],[7.8447,46.4785],[7.7085,46.4139],[7.6261,46.4451],[7.6075,46.4249],[7.5286,46.4003],[7.527,46.3746],[7.3994,46.3765],[7.3549,46.3507],[7.2623,46.3582],[7.2215,46.3292]]]},"properties":{"countryCode":"CH","regionCode":"CH-VS","name":"Valais","territoryId":"demo-ch"}},
{"type":"Feature","geometry":{"type":"MultiPolygon","coordinates":[[[[7.2371,46.5538],[7.1922,46.5466],[7.1054,46.4893],[7.0611,46.4873],[6.9921,46.4489],[6.9721,46.4912],[6.8977,46.5148],[6.8489,46.4934],[6.8109,46.5252],[6.8882,46.5581],[6.8464,46.5839],[6.7995,46.5741],[6.7969,46.6331],[6.8535,46.6555],[6.9356,46.7332],[6.9201,46.7599],[6.9928,46.8319],[6.9889,46.8735],[6.8962,46.9255],[6.8657,46.9096],[6.9306,46.8532],[6.9102,46.8388],[6.9171,46.7847],[6.8254,46.7728],[6.7419,46.8279],[6.7798,46.853],[6.74,46.872],[6.7208,46.9361],[6.5233,46.8566],[6.46,46.8513],[6.4432,46.8327],[6.4348,46.8015],[6.4584,46.7888],[6.4522,46.7742],[6.4384,46.7667],[6.4382,46.7618],[6.4246,46.7545],[6.3521,46.7149],[6.3412,46.7101],[6.3251,46.7065],[6.2971,46.6943],[6.282,46.6907],[6.2691,46.6825],[6.2705,46.6791],[6.2673,46.6762],[6.2328,46.6545],[6.179,46.6158],[6.1105,46.5764],[6.1567,46.5453],[6.0728,46.4654],[6.0856,46.4408],[6.0746,46.4322],[6.0739,46.4284],[6.0639,46.4164],[6.0976,46.409],[6.1699,46.3661],[6.1379,46.3387],[6.1361,46.3285],[6.1339,46.3281],[6.1253,46.3193],[6.1258,46.3175],[6.1407,46.3047],[6.1987,46.2844],[6.2196,46.3119],[6.2323,46.3304],[6.2414,46.3437],[6.3352,46.4037],[6.4256,46.4158],[6.5191,46.4564],[6.6819,46.4543],[6.8211,46.4272],[6.8848,46.3761],[6.8945,46.3416],[7.0021,46.233],[7.0332,46.1871],[7.0884,46.2016],[7.1502,46.2431],[7.2215,46.3292],[7.1937,46.3789],[7.2226,46.442],[7.2241,46.4869],[7.2492,46.5211],[7.2371,46.5538]]],[[[7.0403,46.9795],[7.0024,46.9869],[6.9282,46.9534],[7.0162,46.8808],[7.0934,46.9058],[7.0403,46.9795]]]]},"properties":{"countryCode":"CH","regionCode":"CH-VD","name":"Vaud","territoryId":"demo-ch"}},
{"type":"Feature","geometry":{"type":"Polygon","coordinates":[[[8.4122,47.1406],[8.4804,47.1263],[8.4931,47.1002],[8.5219,47.0899],[8.6373,47.0933],[8.6818,47.125],[8.6922,47.1634],[8.6281,47.1795],[8.5827,47.2179],[8.4838,47.2084],[8.4101,47.2484],[8.3948,47.2257],[8.4122,47.1406]]]},"properties":{"countryCode":"CH","regionCode":"CH-ZG","name":"Zug","territoryId":"demo-ch"}},
{"type":"Feature","geometry":{"type":"Polygon","coordinates":[[[8.4101,47.2484],[8.4838,47.2084],[8.5827,47.2179],[8.6281,47.1795],[8.6922,47.1634],[8.6942,47.1964],[8.8086,47.2201],[8.8268,47.2515],[8.9092,47.2545],[8.975,47.307],[8.9718,47.3525],[8.9435,47.3759],[8.9035,47.4021],[8.9088,47.4483],[8.8843,47.4697],[8.8983,47.5242],[8.8408,47.5327],[8.8017,47.603],[8.8264,47.6467],[8.7434,47.6398],[8.6881,47.65],[8.6694,47.6849],[8.6634,47.6858],[8.6062,47.6687],[8.6277,47.6538],[8.5959,47.6431],[8.6052,47.6148],[8.6031,47.6107],[8.5957,47.6056],[8.5943,47.5964],[8.5828,47.5929],[8.5672,47.5621],[8.5354,47.5871],[8.5631,47.5994],[8.5664,47.6099],[8.5745,47.612],[8.5712,47.6125],[8.5693,47.6172],[8.5629,47.6167],[8.5579,47.6245],[8.539,47.631],[8.5167,47.6341],[8.5154,47.6271],[8.5128,47.6256],[8.5151,47.6234],[8.5074,47.6238],[8.5083,47.6175],[8.4933,47.6144],[8.4833,47.6137],[8.4792,47.6152],[8.457,47.5974],[8.4612,47.5927],[8.4605,47.5884],[8.4648,47.588],[8.4669,47.5842],[8.477,47.5779],[8.438,47.5672],[8.4314,47.5666],[8.4257,47.5679],[8.4044,47.5343],[8.3577,47.5025],[8.4291,47.3007],[8.4101,47.2484]]]},"properties":{"countryCode":"CH","regionCode":"CH-ZH","name":"Zürich","territoryId":"demo-ch"}},
{"type":"Feature","geometry":{"type":"Polygon","coordinates":[[[3.485,48.8518],[3.3814,48.8716],[3.3367,48.9094],[3.2719,48.9376],[3.2502,48.9739],[3.1686,49.017],[3.1819,49.0624],[3.1652,49.0999],[3.0703,49.1163],[3.0317,49.0857],[2.9751,49.0742],[2.7931,49.0905],[2.754,49.0608],[2.7062,49.0653],[2.6308,49.1028],[2.5836,49.0798],[2.4715,49.1354],[2.3554,49.1533],[2.3206,49.1813],[2.2233,49.1521],[2.0909,49.2086],[2.0015,49.1758],[1.883,49.1626],[1.7955,49.1853],[1.7549,49.1746],[1.7044,49.2324],[1.674,49.2119],[1.6578,49.1319],[1.6234,49.086],[1.5411,49.0739],[1.4463,49.0463],[1.477,49.0168],[1.5014,48.941],[1.5634,48.8905],[1.5981,48.8389],[1.5819,48.7619],[1.6268,48.7481],[1.5764,48.7026],[1.655,48.6226],[1.7188,48.6057],[1.7875,48.5538],[1.7854,48.4901],[1.9258,48.4128],[1.9733,48.4014],[1.9892,48.3636],[1.9592,48.3087],[1.9723,48.2882],[2.1104,48.297],[2.238,48.3163],[2.4189,48.3016],[2.4196,48.2659],[2.5063,48.2386],[2.523,48.1949],[2.4649,48.1294],[2.6439,48.1375],[2.7055,48.1231],[2.7798,48.1676],[2.8677,48.1566],[2.9366,48.1635],[3.0045,48.207],[3.0455,48.2707],[3.0146,48.3063],[3.0461,48.358],[3.1716,48.3774],[3.2002,48.3636],[3.2827,48.3816],[3.3652,48.3723],[3.4147,48.3902],[3.4223,48.4161],[3.3885,48.4772],[3.4352,48.4969],[3.4862,48.5451],[3.4654,48.5705],[3.548,48.6267],[3.4427,48.6723],[3.4716,48.6857],[3.4697,48.7379],[3.396,48.7586],[3.485,48.8518]]]},"properties":{"countryCode":"FR","regionCode":"FR-IDF","name":"Île-de-France","territoryId":"demo-fr"}},
{"type":"Feature","geometry":{"type":"Polygon","coordinates":[[[1.5014,48.941],[1.4611,48.9375],[1.4607,48.8726],[1.3612,48.8337],[1.374,48.7838],[1.297,48.7682],[1.1626,48.769],[0.9615,48.7258],[0.8902,48.7204],[0.8408,48.6784],[0.8196,48.6099],[0.8506,48.5826],[0.9393,48.5492],[0.9674,48.5239],[0.9416,48.4569],[0.9712,48.4345],[0.9504,48.3995],[0.8835,48.3565],[0.8122,48.3494],[0.7691,48.3224],[0.7859,48.2711],[0.8306,48.2107],[0.7979,48.1948],[0.8437,48.1647],[0.8424,48.0302],[0.8187,47.9893],[0.8489,47.9414],[0.7596,47.8996],[0.7747,47.8397],[0.7457,47.8276],[0.6089,47.7252],[0.5849,47.6687],[0.464,47.6456],[0.3784,47.5684],[0.3221,47.5954],[0.2307,47.6108],[0.1994,47.541],[0.22,47.5019],[0.1811,47.4533],[0.183,47.3804],[0.1175,47.3323],[0.0679,47.2455],[0.0539,47.1637],[0.0764,47.1239],[0.2012,47.0913],[0.2667,47.0487],[0.3053,47.0527],[0.3112,46.938],[0.3665,46.9499],[0.4386,46.9295],[0.5005,46.9564],[0.6017,46.9591],[0.6333,46.9869],[0.6929,46.9741],[0.7049,46.9028],[0.809,46.828],[0.8151,46.7884],[0.9018,46.7364],[0.9249,46.7002],[0.8993,46.6373],[0.9412,46.581],[1.0144,46.5678],[1.0223,46.5361],[1.0878,46.5383],[1.1463,46.5058],[1.1352,46.471],[1.2061,46.4223],[1.1775,46.3842],[1.3159,46.3743],[1.3562,46.4002],[1.4403,46.3564],[1.5227,46.4267],[1.6405,46.3847],[1.6837,46.4182],[1.7505,46.4056],[1.748,46.4504],[1.7981,46.4552],[1.8397,46.4258],[1.9096,46.4438],[1.9781,46.4398],[2.089,46.4089],[2.1972,46.4283],[2.2811,46.4205],[2.2834,46.4495],[2.3683,46.5184],[2.4969,46.5336],[2.5366,46.5197],[2.6149,46.5533],[2.5778,46.6078],[2.593,46.6466],[2.7011,46.7211],[2.8275,46.7353],[2.9596,46.8043],[3.0321,46.7949],[3.0592,46.8266],[3.0681,46.8768],[3.0539,46.9175],[3.0796,46.9556],[3.0626,46.9792],[3.0752,47.0293],[3.0193,47.0682],[3.0206,47.1532],[2.978,47.2356],[2.9831,47.2608],[2.8698,47.3387],[2.9315,47.4399],[2.8885,47.5094],[2.8505,47.5361],[2.9143,47.566],[2.9363,47.6366],[2.9141,47.6909],[2.8608,47.7102],[2.8703,47.765],[2.9304,47.7622],[3.0235,47.7863],[3.007,47.8839],[3.127,47.9681],[3.1242,48.0069],[3.0502,48.0722],[3.0293,48.1333],[2.9366,48.1635],[2.8677,48.1566],[2.7798,48.1676],[2.7055,48.1231],[2.6439,48.1375],[2.4649,48.1294],[2.523,48.1949],[2.5063,48.2386],[2.4196,48.2659],[2.4189,48.3016],[2.238,48.3163],[2.1104,48.297],[1.9723,48.2882],[1.9592,48.3087],[1.9892,48.3636],[1.9733,48.4014],[1.9258,48.4128],[1.7854,48.4901],[1.7875,48.5538],[1.7188,48.6057],[1.655,48.6226],[1.5764,48.7026],[1.6268,48.7481],[1.5819,48.7619],[1.5981,48.8389],[1.5634,48.8905],[1.5014,48.941]]]},"properties":{"countryCode":"FR","regionCode":"FR-CVL","name":"Centre-Val de Loire","territoryId":"demo-fr"}},
{"type":"Feature","geometry":{"type":"Polygon","coordinates":[[[2.9366,48.1635],[3.0293,48.1333],[3.0502,48.0722],[3.1242,48.0069],[3.127,47.9681],[3.007,47.8839],[3.0235,47.7863],[2.9304,47.7622],[2.8703,47.765],[2.8608,47.7102],[2.9141,47.6909],[2.9363,47.6366],[2.9143,47.566],[2.8505,47.5361],[2.8885,47.5094],[2.9315,47.4399],[2.8698,47.3387],[2.9831,47.2608],[2.978,47.2356],[3.0206,47.1532],[3.0193,47.0682],[3.0752,47.0293],[3.0626,46.9792],[3.0796,46.9556],[3.0539,46.9175],[3.0681,46.8768],[3.0592,46.8266],[3.0321,46.7949],[3.0489,46.7584],[3.1296,46.7274],[3.2044,46.6789],[3.2696,46.7167],[3.3136,46.689],[3.4171,46.7104],[3.4861,46.6526],[3.5503,46.7159],[3.6226,46.74],[3.6698,46.6725],[3.7331,46.6047],[3.7419,46.5391],[3.8603,46.4952],[3.9581,46.4906],[3.9993,46.4645],[3.9772,46.3992],[3.984,46.3187],[3.8972,46.2926],[3.91,46.2479],[3.8901,46.2145],[3.9727,46.2028],[3.9849,46.1723],[4.034,46.174],[4.1038,46.1986],[4.1643,46.173],[4.2078,46.1949],[4.3158,46.1707],[4.3894,46.213],[4.4061,46.2962],[4.4574,46.296],[4.504,46.2672],[4.5828,46.2696],[4.653,46.3042],[4.6792,46.2587],[4.7368,46.2326],[4.7275,46.1795],[4.7804,46.1769],[4.8116,46.2612],[4.8527,46.3282],[4.8518,46.3564],[4.8888,46.4038],[4.9328,46.512],[5.0009,46.5119],[5.0564,46.4837],[5.1465,46.5069],[5.1996,46.5075],[5.2099,46.479],[5.3246,46.4285],[5.3341,46.397],[5.3779,46.3822],[5.3801,46.3458],[5.4753,46.3154],[5.4737,46.2643],[5.5417,46.2698],[5.6498,46.3404],[5.7146,46.309],[5.7252,46.2607],[5.8529,46.2614],[5.9414,46.3088],[5.984,46.3639],[6.0147,46.3764],[6.0492,46.4062],[6.0557,46.4158],[6.0601,46.4179],[6.0639,46.4164],[6.0856,46.4408],[6.0728,46.4654],[6.1567,46.5453],[6.1105,46.5764],[6.179,46.6158],[6.2328,46.6545],[6.2673,46.6762],[6.2705,46.6791],[6.2691,46.6825],[6.279,46.6875],[6.282,46.6907],[6.2971,46.6943],[6.3251,46.7065],[6.3412,46.7101],[6.3521,46.7149],[6.3952,46.7485],[6.4113,46.7515],[6.4303,46.7568],[6.4394,46.7628],[6.4384,46.7667],[6.4523,46.7742],[6.4584,46.7888],[6.4348,46.8015],[6.4432,46.8327],[6.46,46.8513],[6.4646,46.8904],[6.4579,46.9008],[6.4359,46.9216],[6.4327,46.9287],[6.4465,46.9341],[6.4535,46.9387],[6.4777,46.9618],[6.4959,46.9739],[6.5048,46.9657],[6.618,46.9916],[6.7647,47.1204],[6.776,47.1214],[6.7794,47.1238],[6.806,47.1307],[6.8157,47.1359],[6.8284,47.1465],[6.8499,47.1564],[6.8584,47.1654],[6.8445,47.1668],[6.8411,47.1714],[6.864,47.1804],[6.8807,47.2005],[6.9408,47.2315],[6.952,47.2699],[6.941,47.2867],[6.9509,47.292],[6.9622,47.2914],[6.9685,47.2927],[6.9737,47.2913],[6.9761,47.2931],[6.9766,47.2963],[6.9963,47.2958],[7.0037,47.3016],[7.0076,47.301],[7.0094,47.3023],[7.057,47.3344],[7.0122,47.3729],[6.9843,47.3637],[6.9428,47.3577],[6.9331,47.3584],[6.9241,47.3552],[6.9028,47.3596],[6.887,47.3533],[6.8793,47.3526],[6.8794,47.3578],[6.8836,47.3729],[6.9384,47.4061],[6.9415,47.4157],[6.9403,47.4333],[6.955,47.4353],[6.9576,47.4338],[6.9637,47.4358],[6.9663,47.4377],[6.9703,47.4471],[7.0022,47.4542],[6.9975,47.4564],[7.0013,47.4619],[7.0005,47.4672],[6.9917,47.4664],[6.993,47.4711],[6.9883,47.4731],[6.9864,47.4763],[6.9886,47.4869],[6.9864,47.4921],[6.983,47.4946],[6.986,47.4933],[7.0037,47.5007],[7.0249,47.5043],[7.0276,47.5013],[7.0366,47.4992],[7.0445,47.4984],[7.0524,47.4951],[7.0721,47.4924],[7.0942,47.4954],[7.1,47.4943],[7.1125,47.4951],[7.1303,47.5029],[7.1342,47.505],[7.1374,47.5093],[7.1394,47.5193],[7.1361,47.5372],[7.0704,47.6007],[7.0057,47.6021],[7.0463,47.6715],[7.0129,47.7414],[6.9114,47.7781],[6.6464,47.9032],[6.6065,47.9443],[6.544,47.9031],[6.4783,47.8854],[6.4348,47.9429],[6.365,47.9626],[6.2773,47.9538],[6.238,47.9328],[6.1821,47.9569],[6.1313,48.0241],[6.0412,48.0044],[6.0023,47.9561],[5.9475,47.9797],[5.8515,47.906],[5.7962,47.8467],[5.7442,47.8489],[5.6921,47.8214],[5.68,47.7701],[5.7096,47.7453],[5.6911,47.6847],[5.4439,47.6706],[5.3723,47.6185],[5.3063,47.6073],[5.2531,47.5769],[5.2123,47.6414],[5.1089,47.6497],[4.9596,47.6971],[4.959,47.7619],[4.9885,47.8039],[4.9541,47.8668],[4.9029,47.921],[4.8452,47.9612],[4.7865,47.9642],[4.7932,48.0061],[4.7421,48.0046],[4.5783,48.0289],[4.5542,47.9677],[4.4471,47.9564],[4.4172,47.9687],[4.3431,47.9559],[4.2928,47.9259],[4.2451,47.93],[4.1658,47.96],[4.1097,47.926],[3.9263,47.9348],[3.8469,47.9946],[3.8705,48.0169],[3.8221,48.0441],[3.8057,48.1005],[3.7403,48.1697],[3.6679,48.1393],[3.6415,48.1839],[3.5999,48.2021],[3.6243,48.2545],[3.5879,48.3009],[3.4976,48.3696],[3.4147,48.3902],[3.3652,48.3723],[3.2827,48.3816],[3.2002,48.3636],[3.1716,48.3774],[3.0461,48.358],[3.0146,48.3063],[3.0455,48.2707],[3.0045,48.207],[2.9366,48.1635]]]},"properties":{"countryCode":"FR","regionCode":"FR-BFC","name":"Bourgogne-Franche-Comté","territoryId":"demo-fr"}},
{"type":"Feature","geometry":{"type":"Polygon","coordinates":[[[1.7044,49.2324],[1.7364,49.2703],[1.8029,49.2719],[1.7671,49.3174],[1.7613,49.3663],[1.7205,49.394],[1.7227,49.4329],[1.7736,49.472],[1.7155,49.5058],[1.7478,49.5387],[1.7014,49.5989],[1.7085,49.6464],[1.7524,49.6807],[1.7119,49.7311],[1.7582,49.7804],[1.7172,49.8482],[1.7128,49.8873],[1.6704,49.9217],[1.6035,49.9428],[1.5163,50.0121],[1.381,50.0657],[1.3291,50.046],[1.1932,49.9674],[1.0218,49.9159],[0.9283,49.9061],[0.7873,49.8746],[0.7087,49.8735],[0.5806,49.8519],[0.5131,49.8196],[0.1936,49.7074],[0.0725,49.533],[0.1205,49.4634],[0.3388,49.4501],[0.3372,49.434],[0.223,49.4283],[0.1121,49.395],[-0.0039,49.3246],[-0.1026,49.2974],[-0.2292,49.2861],[-0.3019,49.2983],[-0.3962,49.3333],[-0.5282,49.3458],[-0.6017,49.3397],[-0.8418,49.3603],[-0.924,49.3924],[-1.0701,49.3906],[-1.1552,49.3623],[-1.1782,49.4201],[-1.2526,49.481],[-1.3099,49.5497],[-1.2281,49.623],[-1.2397,49.6546],[-1.2931,49.6929],[-1.4207,49.7049],[-1.4858,49.6693],[-1.6201,49.6392],[-1.7183,49.6798],[-1.8255,49.6912],[-1.8585,49.7169],[-1.9424,49.7257],[-1.9472,49.6779],[-1.8591,49.6484],[-1.8416,49.5727],[-1.8843,49.5416],[-1.8243,49.4479],[-1.8225,49.3982],[-1.7076,49.3174],[-1.6481,49.2309],[-1.6074,49.1963],[-1.5953,49.1316],[-1.6103,49.099],[-1.5945,49.0234],[-1.5542,49.0249],[-1.5751,48.8714],[-1.5704,48.7437],[-1.529,48.7299],[-1.4969,48.6837],[-1.3922,48.6448],[-1.4497,48.623],[-1.5709,48.6262],[-1.519,48.5667],[-1.533,48.5462],[-1.4899,48.4893],[-1.3804,48.4558],[-1.3268,48.4987],[-1.279,48.5093],[-1.2519,48.5438],[-1.1542,48.5192],[-1.0701,48.5088],[-1.0029,48.4891],[-0.9633,48.5129],[-0.8602,48.5015],[-0.7779,48.4655],[-0.7646,48.4363],[-0.6815,48.4709],[-0.6511,48.4439],[-0.5953,48.4726],[-0.5512,48.4733],[-0.5099,48.5091],[-0.4474,48.5154],[-0.3726,48.4961],[-0.2627,48.5484],[-0.2082,48.5642],[-0.1444,48.5277],[-0.1475,48.4569],[-0.0491,48.4495],[-0.058,48.3873],[0.021,48.3802],[0.0999,48.4102],[0.1525,48.4575],[0.3006,48.4806],[0.3529,48.4598],[0.3881,48.3493],[0.4313,48.3066],[0.547,48.2506],[0.6831,48.255],[0.7236,48.1983],[0.7979,48.1948],[0.8306,48.2107],[0.7859,48.2711],[0.7691,48.3224],[0.8122,48.3494],[0.8835,48.3565],[0.9504,48.3995],[0.9712,48.4345],[0.9416,48.4569],[0.9674,48.5239],[0.9393,48.5492],[0.8506,48.5826],[0.8196,48.6099],[0.8408,48.6784],[0.8902,48.7204],[0.9615,48.7258],[1.1626,48.769],[1.297,48.7682],[1.374,48.7838],[1.3612,48.8337],[1.4607,48.8726],[1.4611,48.9375],[1.5014,48.941],[1.477,49.0168],[1.4463,49.0463],[1.5411,49.0739],[1.6234,49.086],[1.6578,49.1319],[1.674,49.2119],[1.7044,49.2324]]]},"properties":{"countryCode":"FR","regionCode":"FR-NOR","name":"Normandie","territoryId":"demo-fr"}},
{"type":"Feature","geometry":{"type":"Polygon","coordinates":[[[3.485,48.8518],[3.5208,48.9051],[3.6211,48.9661],[3.6642,49.0375],[3.5876,49.0338],[3.6316,49.0863],[3.6215,49.1504],[3.7039,49.1815],[3.6557,49.2576],[3.6439,49.3127],[3.802,49.3589],[3.8528,49.345],[3.8702,49.4068],[3.9241,49.4058],[3.9615,49.3773],[4.0358,49.3599],[4.0503,49.4123],[4.0407,49.5086],[4.0623,49.586],[4.0245,49.6212],[4.0992,49.6284],[4.127,49.6779],[4.1852,49.6989],[4.229,49.7464],[4.2076,49.7811],[4.2558,49.904],[4.2169,49.9141],[4.2332,49.9578],[4.1728,49.9772],[4.1361,50.0208],[4.2185,50.0609],[4.1968,50.1352],[4.1553,50.163],[4.1817,50.2324],[4.0972,50.3135],[4.0274,50.357],[3.9099,50.3288],[3.8381,50.3543],[3.7472,50.351],[3.6944,50.3132],[3.6573,50.3686],[3.675,50.4023],[3.6643,50.4525],[3.6076,50.4972],[3.4395,50.5074],[3.3765,50.4911],[3.2885,50.5258],[3.2747,50.6048],[3.2441,50.6407],[3.2611,50.679],[3.2109,50.7134],[3.1511,50.7836],[3.1128,50.7946],[2.9375,50.7436],[2.8988,50.6939],[2.8481,50.723],[2.7901,50.7258],[2.7106,50.8135],[2.6351,50.8129],[2.5958,50.9212],[2.6329,50.9462],[2.5793,50.9991],[2.5455,51.089],[2.3809,51.0486],[2.3428,51.0574],[2.21,51.032],[2.1709,51.0443],[2.1105,51.0058],[1.9496,50.9839],[1.845,50.9776],[1.7097,50.9281],[1.6434,50.8787],[1.582,50.8712],[1.6064,50.7952],[1.5958,50.7455],[1.5608,50.6986],[1.5807,50.5641],[1.575,50.4696],[1.5386,50.2866],[1.674,50.1744],[1.5595,50.2106],[1.483,50.1717],[1.4536,50.1091],[1.381,50.0657],[1.5163,50.0121],[1.6035,49.9428],[1.6704,49.9217],[1.7128,49.8873],[1.7172,49.8482],[1.7582,49.7804],[1.7119,49.7311],[1.7524,49.6807],[1.7085,49.6464],[1.7014,49.5989],[1.7478,49.5387],[1.7155,49.5058],[1.7736,49.472],[1.7227,49.4329],[1.7205,49.394],[1.7613,49.3663],[1.7671,49.3174],[1.8029,49.2719],[1.7364,49.2703],[1.7044,49.2324],[1.7549,49.1746],[1.7955,49.1853],[1.883,49.1626],[2.0015,49.1758],[2.0909,49.2086],[2.2233,49.1521],[2.3206,49.1813],[2.3554,49.1533],[2.4715,49.1354],[2.5836,49.0798],[2.6308,49.1028],[2.7062,49.0653],[2.754,49.0608],[2.7931,49.0905],[2.9751,49.0742],[3.0317,49.0857],[3.0703,49.1163],[3.1652,49.0999],[3.1819,49.0624],[3.1686,49.017],[3.2502,48.9739],[3.2719,48.9376],[3.3367,48.9094],[3.3814,48.8716],[3.485,48.8518]]]},"properties":{"countryCode":"FR","regionCode":"FR-HDF","name":"Hauts-de-France","territoryId":"demo-fr"}},
{"type":"Feature","geometry":{"type":"Polygon","coordinates":[[[3.4147,48.3902],[3.4976,48.3696],[3.5879,48.3009],[3.6243,48.2545],[3.5999,48.2021],[3.6415,48.1839],[3.6679,48.1393],[3.7403,48.1697],[3.8057,48.1005],[3.8221,48.0441],[3.8705,48.0169],[3.8469,47.9946],[3.9263,47.9348],[4.1097,47.926],[4.1658,47.96],[4.2451,47.93],[4.2928,47.9259],[4.3431,47.9559],[4.4172,47.9687],[4.4471,47.9564],[4.5542,47.9677],[4.5783,48.0289],[4.7421,48.0046],[4.7932,48.0061],[4.7865,47.9642],[4.8452,47.9612],[4.9029,47.921],[4.9541,47.8668],[4.9885,47.8039],[4.959,47.7619],[4.9596,47.6971],[5.1089,47.6497],[5.2123,47.6414],[5.2531,47.5769],[5.3063,47.6073],[5.3723,47.6185],[5.4439,47.6706],[5.6911,47.6847],[5.7096,47.7453],[5.68,47.7701],[5.6921,47.8214],[5.7442,47.8489],[5.7962,47.8467],[5.8515,47.906],[5.9475,47.9797],[6.0023,47.9561],[6.0412,48.0044],[6.1313,48.0241],[6.1821,47.9569],[6.238,47.9328],[6.2773,47.9538],[6.365,47.9626],[6.4348,47.9429],[6.4783,47.8854],[6.544,47.9031],[6.6065,47.9443],[6.6464,47.9032],[6.9114,47.7781],[7.0129,47.7414],[7.0463,47.6715],[7.0057,47.6021],[7.0704,47.6007],[7.1361,47.5372],[7.1394,47.5193],[7.1374,47.5093],[7.1342,47.505],[7.1303,47.5029],[7.1392,47.5018],[7.1504,47.4973],[7.1623,47.49],[7.1705,47.4895],[7.2013,47.4941],[7.203,47.4914],[7.1909,47.4885],[7.1702,47.443],[7.255,47.4244],[7.2819,47.4348],[7.3024,47.4386],[7.339,47.4411],[7.3448,47.4361],[7.353,47.4343],[7.3683,47.4344],[7.3856,47.4319],[7.3939,47.4352],[7.4031,47.4355],[7.4032,47.4387],[7.4206,47.4456],[7.4245,47.4499],[7.4224,47.4507],[7.4288,47.4539],[7.4278,47.4573],[7.43,47.4595],[7.4458,47.462],[7.4502,47.4675],[7.4558,47.4707],[7.4557,47.4734],[7.4436,47.4785],[7.4321,47.481],[7.4294,47.4829],[7.435,47.4981],[7.4564,47.4885],[7.4624,47.4891],[7.472,47.4804],[7.4876,47.4821],[7.5111,47.497],[7.5088,47.5023],[7.5105,47.5026],[7.5094,47.5089],[7.5312,47.5282],[7.5268,47.5329],[7.5194,47.5347],[7.5108,47.529],[7.5023,47.5284],[7.498,47.5362],[7.4992,47.5401],[7.5168,47.5454],[7.5273,47.5528],[7.5365,47.5555],[7.5469,47.5615],[7.5573,47.565],[7.5665,47.5777],[7.5847,47.5755],[7.5857,47.5841],[7.5929,47.5975],[7.5919,47.6038],[7.5874,47.6086],[7.5743,47.6163],[7.5689,47.6293],[7.5634,47.6354],[7.5387,47.6487],[7.5232,47.6614],[7.5193,47.6693],[7.5192,47.6841],[7.5118,47.6977],[7.5151,47.7033],[7.5404,47.7185],[7.5479,47.7308],[7.548,47.7397],[7.5317,47.7696],[7.5298,47.7801],[7.532,47.7877],[7.5496,47.8226],[7.5629,47.8424],[7.563,47.8533],[7.5558,47.8675],[7.5566,47.8779],[7.5616,47.8842],[7.5751,47.8909],[7.5807,47.8964],[7.5831,47.9029],[7.5806,47.921],[7.5828,47.9303],[7.5894,47.9383],[7.6106,47.9553],[7.6218,47.9723],[7.6185,47.9858],[7.6106,47.9983],[7.5717,48.0305],[7.569,48.0347],[7.574,48.0544],[7.5693,48.0818],[7.5792,48.1006],[7.5778,48.1212],[7.6008,48.1578],[7.6282,48.1823],[7.6437,48.2067],[7.6669,48.2221],[7.6884,48.2777],[7.6932,48.3011],[7.706,48.3102],[7.7351,48.3185],[7.7454,48.3344],[7.7315,48.3782],[7.733,48.397],[7.764,48.4533],[7.7666,48.4632],[7.7678,48.4889],[7.7725,48.4929],[7.7948,48.5017],[7.8049,48.5131],[7.8068,48.5215],[7.8036,48.5381],[7.8058,48.5558],[7.8005,48.578],[7.8008,48.5854],[7.8048,48.5927],[7.8394,48.641],[7.8465,48.6463],[7.8625,48.6509],[7.8919,48.6638],[7.9629,48.7212],[7.9675,48.7282],[7.9671,48.746],[7.9689,48.7539],[7.9721,48.758],[8.0028,48.7588],[8.0137,48.7608],[8.0225,48.7678],[8.1043,48.82],[8.1091,48.8386],[8.1191,48.8602],[8.1298,48.8797],[8.1425,48.8974],[8.2158,48.9753],[8.1485,48.9772],[8.1369,48.9793],[8.1316,48.9831],[8.1282,48.9824],[8.1235,48.9866],[8.1191,48.9863],[8.1068,48.9892],[8.0878,48.9898],[8.0859,48.9932],[8.0789,48.9939],[8.0721,48.9968],[8.0684,48.9994],[8.0647,49],[8.0639,49.0055],[8.0582,49.0069],[8.0495,49.0144],[7.9649,49.043],[7.9569,49.0431],[7.9576,49.0449],[7.9493,49.0471],[7.9457,49.0497],[7.9453,49.0556],[7.9408,49.0542],[7.94,49.0564],[7.934,49.0579],[7.9312,49.0576],[7.931,49.0542],[7.9235,49.0444],[7.917,49.0409],[7.9139,49.0416],[7.9107,49.0451],[7.9022,49.0447],[7.8891,49.0493],[7.8809,49.0459],[7.8668,49.033],[7.7944,49.0658],[7.7762,49.0563],[7.7693,49.0476],[7.7599,49.0455],[7.751,49.048],[7.7473,49.0464],[7.7408,49.0473],[7.7324,49.044],[7.7081,49.0525],[7.6747,49.0449],[7.6315,49.0549],[7.6328,49.0638],[7.6307,49.0657],[7.6297,49.0736],[7.6011,49.0832],[7.5288,49.0971],[7.4941,49.1696],[7.4355,49.1801],[7.3654,49.1721],[7.369,49.1617],[7.3625,49.1564],[7.3627,49.1432],[7.33,49.145],[7.3136,49.1372],[7.3111,49.1304],[7.3057,49.1269],[7.2986,49.1173],[7.2826,49.1169],[7.2453,49.13],[7.1966,49.1217],[7.1587,49.1205],[7.1356,49.1285],[7.1315,49.1317],[7.1316,49.1346],[7.1264,49.1421],[7.104,49.1385],[7.0669,49.1146],[7.0277,49.1701],[7.035,49.1914],[7.0216,49.1932],[7.0109,49.1879],[7.0089,49.194],[6.999,49.1944],[6.9752,49.2094],[6.9596,49.2031],[6.9399,49.2167],[6.9382,49.2224],[6.9188,49.2226],[6.8929,49.2088],[6.8726,49.2148],[6.8705,49.2185],[6.8594,49.2227],[6.838,49.2135],[6.8362,49.2113],[6.8426,49.2086],[6.852,49.2004],[6.8582,49.187],[6.8619,49.1791],[6.8586,49.1749],[6.8474,49.1572],[6.8342,49.1513],[6.7826,49.1682],[6.7615,49.1647],[6.7387,49.1636],[6.7205,49.1754],[6.7113,49.1884],[6.7316,49.2059],[6.7197,49.2213],[6.707,49.2168],[6.6958,49.2152],[6.6886,49.2225],[6.6907,49.2312],[6.6849,49.2417],[6.6614,49.2822],[6.6602,49.2836],[6.6535,49.2812],[6.6505,49.2886],[6.6388,49.2957],[6.6319,49.2958],[6.628,49.2987],[6.6248,49.3028],[6.6153,49.3016],[6.589,49.3221],[6.5662,49.3472],[6.5636,49.3559],[6.5817,49.3564],[6.588,49.3496],[6.5901,49.3548],[6.5925,49.3554],[6.5918,49.3581],[6.5965,49.3593],[6.5867,49.3852],[6.5522,49.4245],[6.5412,49.4329],[6.5344,49.4356],[6.525,49.4355],[6.4996,49.4503],[6.4856,49.4519],[6.4645,49.4665],[6.456,49.4629],[6.4357,49.4692],[6.4335,49.4718],[6.4346,49.4726],[6.4281,49.477],[6.4204,49.4764],[6.4087,49.4678],[6.3934,49.4642],[6.3798,49.4663],[6.3644,49.4595],[6.3529,49.4673],[6.334,49.4669],[6.2569,49.5098],[6.175,49.5103],[6.0981,49.4635],[6.0418,49.4479],[5.974,49.4655],[5.9432,49.5002],[5.8663,49.4999],[5.8371,49.5426],[5.6997,49.5403],[5.6609,49.5536],[5.601,49.5168],[5.4659,49.5088],[5.4294,49.5879],[5.2694,49.6962],[5.1643,49.6934],[5.1535,49.7188],[5.0717,49.761],[4.9568,49.8019],[4.9056,49.7855],[4.8631,49.8018],[4.852,49.8523],[4.8902,49.909],[4.8471,49.949],[4.791,49.9581],[4.82,50.0261],[4.867,50.0972],[4.8776,50.1537],[4.8242,50.1613],[4.7021,50.0956],[4.6849,50.0068],[4.5409,49.9695],[4.5237,49.9502],[4.4456,49.9372],[4.3094,49.9696],[4.2332,49.9578],[4.2169,49.9141],[4.2558,49.904],[4.2076,49.7811],[4.229,49.7464],[4.1852,49.6989],[4.127,49.6779],[4.0992,49.6284],[4.0245,49.6212],[4.0623,49.586],[4.0407,49.5086],[4.0503,49.4123],[4.0358,49.3599],[3.9615,49.3773],[3.9241,49.4058],[3.8702,49.4068],[3.8528,49.345],[3.802,49.3589],[3.6439,49.3127],[3.6557,49.2576],[3.7039,49.1815],[3.6215,49.1504],[3.6316,49.0863],[3.5876,49.0338],[3.6642,49.0375],[3.6211,48.9661],[3.5208,48.9051],[3.485,48.8518],[3.396,48.7586],[3.4697,48.7379],[3.4716,48.6857],[3.4427,48.6723],[3.548,48.6267],[3.4654,48.5705],[3.4862,48.5451],[3.4352,48.4969],[3.3885,48.4772],[3.4223,48.4161],[3.4147,48.3902]]]},"properties":{"countryCode":"FR","regionCode":"FR-GES","name":"Grand Est","territoryId":"demo-fr"}},
{"type":"Feature","geometry":{"type":"MultiPolygon","coordinates":[[[[-2.1979,46.9511],[-2.2374,46.9809],[-2.2256,47.0167],[-2.3,47.0243],[-2.3022,46.99],[-2.264,46.9604],[-2.1979,46.9511]]],[[[0.7979,48.1948],[0.7236,48.1983],[0.6831,48.255],[0.547,48.2506],[0.4313,48.3066],[0.3881,48.3493],[0.3529,48.4598],[0.3006,48.4806],[0.1525,48.4575],[0.0999,48.4102],[0.021,48.3802],[-0.058,48.3873],[-0.0491,48.4495],[-0.1475,48.4569],[-0.1444,48.5277],[-0.2082,48.5642],[-0.2627,48.5484],[-0.3726,48.4961],[-0.4474,48.5154],[-0.5099,48.5091],[-0.5512,48.4733],[-0.5953,48.4726],[-0.6511,48.4439],[-0.6815,48.4709],[-0.7646,48.4363],[-0.7779,48.4655],[-0.8602,48.5015],[-0.9633,48.5129],[-1.0029,48.4891],[-1.0701,48.5088],[-1.0804,48.4141],[-1.0451,48.3278],[-1.0904,48.2894],[-1.0992,48.2496],[-1.0738,48.2007],[-1.0497,48.09],[-1.0214,48.0684],[-1.0227,47.9942],[-1.1013,47.9893],[-1.1555,47.9654],[-1.1891,47.8672],[-1.2158,47.8574],[-1.2461,47.7767],[-1.365,47.7987],[-1.4235,47.8328],[-1.4713,47.803],[-1.6231,47.7635],[-1.6557,47.7153],[-1.7223,47.6983],[-1.8276,47.7108],[-1.9379,47.6862],[-1.969,47.6898],[-2.0967,47.6321],[-2.0988,47.5335],[-2.2438,47.4939],[-2.2964,47.5123],[-2.3117,47.4651],[-2.4588,47.4481],[-2.4523,47.4258],[-2.5514,47.3689],[-2.5043,47.3166],[-2.546,47.2903],[-2.432,47.2581],[-2.3554,47.2718],[-2.2984,47.2332],[-2.2007,47.2703],[-2.159,47.2086],[-2.1801,47.1559],[-2.2204,47.1254],[-2.0536,47.095],[-1.9838,47.0292],[-2.0292,47.0097],[-2.0582,46.9507],[-2.1566,46.8857],[-2.1408,46.8177],[-2.063,46.7777],[-1.9473,46.698],[-1.8563,46.6089],[-1.8233,46.531],[-1.7568,46.4752],[-1.6239,46.4131],[-1.5022,46.3977],[-1.4672,46.3428],[-1.3417,46.3406],[-1.2305,46.2772],[-1.1673,46.32],[-1.1045,46.315],[-1.0134,46.3556],[-0.9748,46.3512],[-0.9117,46.3129],[-0.8448,46.3252],[-0.759,46.312],[-0.6973,46.3251],[-0.6568,46.315],[-0.6031,46.3615],[-0.5381,46.3864],[-0.6098,46.4137],[-0.625,46.4976],[-0.6022,46.5334],[-0.6243,46.5782],[-0.614,46.6216],[-0.649,46.6454],[-0.6562,46.7008],[-0.7155,46.7519],[-0.7131,46.8052],[-0.8272,46.8825],[-0.8273,46.9313],[-0.8801,46.9457],[-0.844,46.9897],[-0.6699,47.0008],[-0.6188,46.9923],[-0.5624,47.0305],[-0.5595,47.0618],[-0.493,47.0834],[-0.4411,47.0677],[-0.3962,47.0916],[-0.3418,47.0874],[-0.2828,47.1035],[-0.0951,47.0952],[-0.0393,47.108],[-0.0121,47.1564],[0.0539,47.1637],[0.0679,47.2455],[0.1175,47.3323],[0.183,47.3804],[0.1811,47.4533],[0.22,47.5019],[0.1994,47.541],[0.2307,47.6108],[0.3221,47.5954],[0.3784,47.5684],[0.464,47.6456],[0.5849,47.6687],[0.6089,47.7252],[0.7457,47.8276],[0.7747,47.8397],[0.7596,47.8996],[0.8489,47.9414],[0.8187,47.9893],[0.8424,48.0302],[0.8437,48.1647],[0.7979,48.1948]]]]},"properties":{"countryCode":"FR","regionCode":"FR-PDL","name":"Pays de la Loire","territoryId":"demo-fr"}},
{"type":"Feature","geometry":{"type":"MultiPolygon","coordinates":[[[[-3.1583,47.2925],[-3.1007,47.3158],[-3.1599,47.3623],[-3.2422,47.3834],[-3.2497,47.3168],[-3.2142,47.2932],[-3.1583,47.2925]]],[[[-1.5709,48.6262],[-1.665,48.6099],[-1.7763,48.6036],[-1.8398,48.6141],[-1.8721,48.6465],[-1.8357,48.6806],[-1.8508,48.7066],[-1.9864,48.6812],[-2.0266,48.6411],[-2.1515,48.6285],[-2.2011,48.5814],[-2.2867,48.6669],[-2.328,48.6729],[-2.4155,48.6373],[-2.5509,48.5954],[-2.6401,48.5235],[-2.8214,48.5943],[-2.827,48.6562],[-2.9268,48.7088],[-2.9518,48.7649],[-3.016,48.7662],[-3.005,48.8016],[-3.0736,48.8205],[-3.0855,48.8683],[-3.1825,48.8436],[-3.2301,48.8684],[-3.2697,48.8339],[-3.3198,48.8386],[-3.4304,48.7972],[-3.5198,48.8301],[-3.584,48.7687],[-3.5498,48.7479],[-3.5848,48.717],[-3.5679,48.686],[-3.6805,48.6866],[-3.7365,48.709],[-3.8135,48.7136],[-3.8551,48.6895],[-3.8481,48.6288],[-3.9567,48.6516],[-3.9655,48.7176],[-4.0353,48.714],[-4.1835,48.6874],[-4.2229,48.6484],[-4.2746,48.6498],[-4.3467,48.6769],[-4.465,48.6264],[-4.5655,48.6187],[-4.6064,48.5758],[-4.701,48.5658],[-4.7498,48.5434],[-4.7781,48.5049],[-4.7616,48.4694],[-4.7953,48.413],[-4.7603,48.3742],[-4.7721,48.3293],[-4.7098,48.3307],[-4.6806,48.3558],[-4.628,48.3376],[-4.5379,48.3573],[-4.4234,48.3973],[-4.4449,48.3495],[-4.4181,48.3245],[-4.2944,48.3536],[-4.3664,48.278],[-4.4269,48.2909],[-4.5037,48.2812],[-4.5534,48.295],[-4.5836,48.2527],[-4.5502,48.1929],[-4.4882,48.2363],[-4.4485,48.2357],[-4.3686,48.2052],[-4.3163,48.2039],[-4.272,48.152],[-4.307,48.089],[-4.3738,48.1103],[-4.5452,48.0787],[-4.6626,48.0688],[-4.6325,48.0293],[-4.4627,47.9859],[-4.4233,47.9625],[-4.3624,47.8895],[-4.348,47.8327],[-4.3748,47.7974],[-4.2675,47.7903],[-4.1925,47.7958],[-4.1629,47.8487],[-4.1114,47.8716],[-4.0272,47.8502],[-3.976,47.8542],[-3.9588,47.8972],[-3.9069,47.8644],[-3.8934,47.8332],[-3.8398,47.7962],[-3.7611,47.7904],[-3.7247,47.8051],[-3.6776,47.7755],[-3.573,47.7699],[-3.5122,47.7529],[-3.4611,47.6984],[-3.3432,47.7156],[-3.2714,47.6791],[-3.1597,47.6073],[-3.0553,47.5729],[-3.0072,47.5683],[-2.9257,47.586],[-2.848,47.6179],[-2.7783,47.6189],[-2.7176,47.5986],[-2.7515,47.5382],[-2.7875,47.5528],[-2.875,47.5344],[-2.8149,47.4868],[-2.6611,47.5181],[-2.6204,47.5047],[-2.5206,47.5273],[-2.4665,47.5121],[-2.4588,47.4481],[-2.3117,47.4651],[-2.2964,47.5123],[-2.2438,47.4939],[-2.0988,47.5335],[-2.0967,47.6321],[-1.969,47.6898],[-1.9379,47.6862],[-1.8276,47.7108],[-1.7223,47.6983],[-1.6557,47.7153],[-1.6231,47.7635],[-1.4713,47.803],[-1.4235,47.8328],[-1.365,47.7987],[-1.2461,47.7767],[-1.2158,47.8574],[-1.1891,47.8672],[-1.1555,47.9654],[-1.1013,47.9893],[-1.0227,47.9942],[-1.0214,48.0684],[-1.0497,48.09],[-1.0738,48.2007],[-1.0992,48.2496],[-1.0904,48.2894],[-1.0451,48.3278],[-1.0804,48.4141],[-1.0701,48.5088],[-1.1542,48.5192],[-1.2519,48.5438],[-1.279,48.5093],[-1.3268,48.4987],[-1.3804,48.4558],[-1.4899,48.4893],[-1.533,48.5462],[-1.519,48.5667],[-1.5709,48.6262]]]]},"properties":{"countryCode":"FR","regionCode":"FR-BRE","name":"Bretagne","territoryId":"demo-fr"}},
{"type":"Feature","geometry":{"type":"MultiPolygon","coordinates":[[[[-1.4125,46.1844],[-1.3238,46.1457],[-1.2925,46.1872],[-1.3636,46.2064],[-1.4125,46.1844]]],[[[-1.3873,45.9968],[-1.3868,45.9537],[-1.2683,45.8811],[-1.2345,45.804],[-1.1954,45.8291],[-1.1879,45.8866],[-1.2245,45.9139],[-1.2364,45.9849],[-1.2879,45.9876],[-1.4131,46.0466],[-1.3873,45.9968]]],[[[0.0539,47.1637],[-0.0121,47.1564],[-0.0393,47.108],[-0.0951,47.0952],[-0.2828,47.1035],[-0.3418,47.0874],[-0.3962,47.0916],[-0.4411,47.0677],[-0.493,47.0834],[-0.5595,47.0618],[-0.5624,47.0305],[-0.6188,46.9923],[-0.6699,47.0008],[-0.844,46.9897],[-0.8801,46.9457],[-0.8273,46.9313],[-0.8272,46.8825],[-0.7131,46.8052],[-0.7155,46.7519],[-0.6562,46.7008],[-0.649,46.6454],[-0.614,46.6216],[-0.6243,46.5782],[-0.6022,46.5334],[-0.625,46.4976],[-0.6098,46.4137],[-0.5381,46.3864],[-0.6031,46.3615],[-0.6568,46.315],[-0.6973,46.3251],[-0.759,46.312],[-0.8448,46.3252],[-0.9117,46.3129],[-0.9748,46.3512],[-1.0134,46.3556],[-1.1045,46.315],[-1.1123,46.2663],[-1.1731,46.2225],[-1.2323,46.1579],[-1.1638,46.1418],[-1.101,46.0943],[-1.0634,46.0487],[-1.0808,45.9967],[-1.0695,45.9496],[-1.0809,45.8986],[-1.1209,45.8581],[-1.1535,45.8623],[-1.1571,45.8023],[-1.2425,45.7814],[-1.2371,45.7052],[-1.1152,45.6466],[-0.9962,45.5986],[-0.9928,45.5773],[-1.092,45.5658],[-1.1523,45.484],[-1.1616,45.2962],[-1.2252,44.8461],[-1.2538,44.6986],[-1.2046,44.7177],[-1.1629,44.7772],[-1.0561,44.7087],[-1.0126,44.657],[-1.0831,44.6405],[-1.1949,44.6587],[-1.2043,44.6161],[-1.2561,44.5346],[-1.2493,44.4953],[-1.2809,44.3042],[-1.3138,44.1372],[-1.3793,43.8978],[-1.4387,43.7076],[-1.4471,43.6424],[-1.5479,43.4935],[-1.5997,43.4325],[-1.6459,43.4048],[-1.7921,43.3698],[-1.7558,43.3429],[-1.7302,43.2958],[-1.6954,43.3123],[-1.6241,43.3061],[-1.6088,43.2519],[-1.5752,43.2499],[-1.5522,43.2919],[-1.506,43.2935],[-1.3825,43.2531],[-1.3829,43.1996],[-1.4148,43.1275],[-1.4716,43.0808],[-1.4412,43.0463],[-1.3539,43.0283],[-1.3461,43.0905],[-1.2476,43.0426],[-1.115,43.024],[-1.0723,42.998],[-1.0167,42.995],[-0.945,42.9534],[-0.9146,42.9636],[-0.8105,42.9513],[-0.7529,42.9679],[-0.7307,42.9468],[-0.732,42.8961],[-0.5235,42.7974],[-0.5012,42.8278],[-0.4418,42.7954],[-0.3941,42.8008],[-0.3133,42.8494],[-0.3272,42.9165],[-0.2793,42.9423],[-0.2933,42.9927],[-0.2561,43.0298],[-0.2,43.0428],[-0.1977,43.1025],[-0.1461,43.1281],[-0.1184,43.1768],[-0.0681,43.1773],[-0.0721,43.2247],[-0.0169,43.2717],[-0.0463,43.3005],[0.0097,43.4222],[-0.0438,43.4096],[-0.0691,43.4326],[-0.04,43.5126],[-0.0965,43.5818],[-0.1766,43.5968],[-0.2477,43.5904],[-0.2818,43.6433],[-0.2478,43.6555],[-0.2454,43.7049],[-0.194,43.7368],[-0.2272,43.8086],[-0.1917,43.8104],[-0.234,43.891],[-0.1527,43.94],[-0.1076,43.9326],[-0.0441,43.9628],[0.0309,43.9005],[0.0695,43.9041],[0.0551,43.9543],[0.0759,43.9829],[0.1644,43.9951],[0.2142,44.0231],[0.3029,43.991],[0.3581,44.017],[0.4426,44.0287],[0.4596,44.0555],[0.5554,44.0547],[0.6013,44.0781],[0.6317,44.0495],[0.6854,44.0459],[0.7383,44.0756],[0.7958,44.1456],[0.8672,44.1263],[0.8942,44.138],[0.9188,44.2382],[0.9509,44.2751],[0.869,44.3096],[0.8866,44.3654],[0.946,44.3572],[1.0483,44.3623],[1.0575,44.4278],[1.0208,44.4452],[1.0087,44.5471],[1.0782,44.5748],[1.1505,44.633],[1.1467,44.6708],[1.2173,44.6826],[1.3158,44.7405],[1.2985,44.7965],[1.3641,44.8116],[1.4423,44.8788],[1.4425,44.9162],[1.4091,45.0069],[1.4768,45.0185],[1.5404,45.0464],[1.6299,45.0335],[1.7507,44.9559],[1.7746,44.9235],[1.8208,44.9272],[1.9081,44.9781],[2.0629,44.9766],[2.1419,45.0001],[2.0952,45.056],[2.1803,45.0952],[2.2011,45.18],[2.1948,45.2208],[2.2408,45.248],[2.2694,45.2903],[2.3512,45.3279],[2.3695,45.4162],[2.4423,45.3841],[2.5118,45.3828],[2.4927,45.4239],[2.5205,45.5205],[2.4632,45.5995],[2.5286,45.6821],[2.4848,45.7485],[2.4351,45.7673],[2.3895,45.8238],[2.4432,45.8663],[2.4917,45.8671],[2.5433,45.9158],[2.5632,45.9562],[2.609,45.9667],[2.6025,46.0191],[2.5572,46.069],[2.5473,46.1128],[2.5667,46.1436],[2.5258,46.1877],[2.5168,46.23],[2.4807,46.2811],[2.3919,46.33],[2.3215,46.3292],[2.2811,46.4205],[2.1972,46.4283],[2.089,46.4089],[1.9781,46.4398],[1.9096,46.4438],[1.8397,46.4258],[1.7981,46.4552],[1.748,46.4504],[1.7505,46.4056],[1.6837,46.4182],[1.6405,46.3847],[1.5227,46.4267],[1.4403,46.3564],[1.3562,46.4002],[1.3159,46.3743],[1.1775,46.3842],[1.2061,46.4223],[1.1352,46.471],[1.1463,46.5058],[1.0878,46.5383],[1.0223,46.5361],[1.0144,46.5678],[0.9412,46.581],[0.8993,46.6373],[0.9249,46.7002],[0.9018,46.7364],[0.8151,46.7884],[0.809,46.828],[0.7049,46.9028],[0.6929,46.9741],[0.6333,46.9869],[0.6017,46.9591],[0.5005,46.9564],[0.4386,46.9295],[0.3665,46.9499],[0.3112,46.938],[0.3053,47.0527],[0.2667,47.0487],[0.2012,47.0913],[0.0764,47.1239],[0.0539,47.1637]]]]},"properties":{"countryCode":"FR","regionCode":"FR-NAQ","name":"Nouvelle-Aquitaine","territoryId":"demo-fr"}},
{"type":"Feature","geometry":{"type":"Polygon","coordinates":[[[-0.3133,42.8494],[-0.2389,42.8087],[-0.1469,42.7758],[-0.0632,42.6963],[0.0004,42.6853],[0.0902,42.7171],[0.1842,42.7357],[0.26,42.7163],[0.2952,42.6732],[0.3602,42.7242],[0.4222,42.6905],[0.5304,42.7026],[0.6687,42.6892],[0.6827,42.7089],[0.6506,42.7851],[0.6593,42.8387],[0.7091,42.8614],[0.7771,42.8362],[0.8555,42.8269],[0.9331,42.7895],[0.966,42.8037],[1.1084,42.7719],[1.166,42.7089],[1.3574,42.7197],[1.3892,42.6871],[1.4379,42.6028],[1.4774,42.615],[1.4789,42.6517],[1.5492,42.6559],[1.6005,42.6257],[1.6834,42.625],[1.7268,42.5889],[1.7301,42.4924],[1.8043,42.4904],[1.9163,42.4462],[1.9653,42.3809],[2.0124,42.3529],[2.1168,42.3833],[2.1256,42.4098],[2.2014,42.4164],[2.2568,42.4387],[2.3122,42.4284],[2.4141,42.3913],[2.4835,42.34],[2.554,42.3541],[2.6755,42.3424],[2.6739,42.4047],[2.7549,42.4262],[2.8008,42.4185],[2.8391,42.4594],[2.9183,42.4561],[2.9451,42.4797],[3.0473,42.4569],[3.0859,42.4256],[3.1722,42.4345],[3.1555,42.4774],[3.0518,42.5412],[3.0329,42.6103],[3.0389,42.8017],[3.0606,42.9174],[3.0407,42.9485],[3.0637,43.0193],[3.1095,43.0921],[3.1791,43.1673],[3.281,43.2398],[3.3468,43.2704],[3.4318,43.2899],[3.5153,43.2769],[3.5977,43.3519],[3.6614,43.3926],[3.8036,43.4457],[3.9057,43.5165],[3.9838,43.5454],[4.0934,43.5556],[4.1388,43.5317],[4.1294,43.4871],[4.2302,43.4605],[4.2397,43.4992],[4.4033,43.5593],[4.4263,43.625],[4.4856,43.6986],[4.5394,43.7076],[4.6025,43.6858],[4.6125,43.7261],[4.6516,43.7825],[4.6421,43.8675],[4.6929,43.8845],[4.8444,43.9893],[4.8422,44.0117],[4.7878,44.0531],[4.7269,44.0783],[4.7061,44.1078],[4.7225,44.1873],[4.6807,44.2122],[4.6495,44.2703],[4.5599,44.302],[4.5073,44.3371],[4.4576,44.3416],[4.4454,44.2873],[4.3952,44.291],[4.3949,44.3447],[4.3258,44.3383],[4.2493,44.2658],[4.1262,44.3376],[4.0703,44.3256],[4.0531,44.3789],[4.0684,44.405],[4.0372,44.4461],[3.9983,44.4597],[3.9888,44.5039],[3.9486,44.573],[3.9239,44.5715],[3.8979,44.6442],[3.8352,44.7483],[3.75,44.823],[3.6663,44.8286],[3.6431,44.8784],[3.5992,44.8598],[3.5788,44.8255],[3.5062,44.8241],[3.4419,44.8542],[3.4107,44.9177],[3.4153,44.9415],[3.3372,44.9559],[3.2267,44.9098],[3.2382,44.8868],[3.1851,44.8622],[3.1423,44.903],[3.1029,44.8864],[3.0843,44.8334],[3.0479,44.8041],[2.9994,44.6755],[2.955,44.6608],[2.9256,44.7271],[2.9375,44.7751],[2.884,44.7956],[2.849,44.8715],[2.7784,44.8875],[2.7603,44.9301],[2.7283,44.9363],[2.629,44.8725],[2.5656,44.7783],[2.5487,44.7163],[2.4996,44.6898],[2.4871,44.6566],[2.4343,44.6389],[2.3268,44.6699],[2.1687,44.6389],[2.1793,44.6745],[2.1545,44.7002],[2.1657,44.8087],[2.0837,44.8861],[2.0629,44.9766],[1.9081,44.9781],[1.8208,44.9272],[1.7746,44.9235],[1.7507,44.9559],[1.6299,45.0335],[1.5404,45.0464],[1.4768,45.0185],[1.4091,45.0069],[1.4425,44.9162],[1.4423,44.8788],[1.3641,44.8116],[1.2985,44.7965],[1.3158,44.7405],[1.2173,44.6826],[1.1467,44.6708],[1.1505,44.633],[1.0782,44.5748],[1.0087,44.5471],[1.0208,44.4452],[1.0575,44.4278],[1.0483,44.3623],[0.946,44.3572],[0.8866,44.3654],[0.869,44.3096],[0.9509,44.2751],[0.9188,44.2382],[0.8942,44.138],[0.8672,44.1263],[0.7958,44.1456],[0.7383,44.0756],[0.6854,44.0459],[0.6317,44.0495],[0.6013,44.0781],[0.5554,44.0547],[0.4596,44.0555],[0.4426,44.0287],[0.3581,44.017],[0.3029,43.991],[0.2142,44.0231],[0.1644,43.9951],[0.0759,43.9829],[0.0551,43.9543],[0.0695,43.9041],[0.0309,43.9005],[-0.0441,43.9628],[-0.1076,43.9326],[-0.1527,43.94],[-0.234,43.891],[-0.1917,43.8104],[-0.2272,43.8086],[-0.194,43.7368],[-0.2454,43.7049],[-0.2478,43.6555],[-0.2818,43.6433],[-0.2477,43.5904],[-0.1766,43.5968],[-0.0965,43.5818],[-0.04,43.5126],[-0.0691,43.4326],[-0.0438,43.4096],[0.0097,43.4222],[-0.0463,43.3005],[-0.0169,43.2717],[-0.0721,43.2247],[-0.0681,43.1773],[-0.1184,43.1768],[-0.1461,43.1281],[-0.1977,43.1025],[-0.2,43.0428],[-0.2561,43.0298],[-0.2933,42.9927],[-0.2793,42.9423],[-0.3272,42.9165],[-0.3133,42.8494]]]},"properties":{"countryCode":"FR","regionCode":"FR-OCC","name":"Occitanie","territoryId":"demo-fr"}},
{"type":"Feature","geometry":{"type":"Polygon","coordinates":[[[2.2811,46.4205],[2.3215,46.3292],[2.3919,46.33],[2.4807,46.2811],[2.5168,46.23],[2.5258,46.1877],[2.5667,46.1436],[2.5473,46.1128],[2.5572,46.069],[2.6025,46.0191],[2.609,45.9667],[2.5632,45.9562],[2.5433,45.9158],[2.4917,45.8671],[2.4432,45.8663],[2.3895,45.8238],[2.4351,45.7673],[2.4848,45.7485],[2.5286,45.6821],[2.4632,45.5995],[2.5205,45.5205],[2.4927,45.4239],[2.5118,45.3828],[2.4423,45.3841],[2.3695,45.4162],[2.3512,45.3279],[2.2694,45.2903],[2.2408,45.248],[2.1948,45.2208],[2.2011,45.18],[2.1803,45.0952],[2.0952,45.056],[2.1419,45.0001],[2.0629,44.9766],[2.0837,44.8861],[2.1657,44.8087],[2.1545,44.7002],[2.1793,44.6745],[2.1687,44.6389],[2.3268,44.6699],[2.4343,44.6389],[2.4871,44.6566],[2.4996,44.6898],[2.5487,44.7163],[2.5656,44.7783],[2.629,44.8725],[2.7283,44.9363],[2.7603,44.9301],[2.7784,44.8875],[2.849,44.8715],[2.884,44.7956],[2.9375,44.7751],[2.9256,44.7271],[2.955,44.6608],[2.9994,44.6755],[3.0479,44.8041],[3.0843,44.8334],[3.1029,44.8864],[3.1423,44.903],[3.1851,44.8622],[3.2382,44.8868],[3.2267,44.9098],[3.3372,44.9559],[3.4153,44.9415],[3.4107,44.9177],[3.4419,44.8542],[3.5062,44.8241],[3.5788,44.8255],[3.5992,44.8598],[3.6431,44.8784],[3.6663,44.8286],[3.75,44.823],[3.8352,44.7483],[3.8979,44.6442],[3.9239,44.5715],[3.9486,44.573],[3.9888,44.5039],[3.9983,44.4597],[4.0372,44.4461],[4.0684,44.405],[4.0531,44.3789],[4.0703,44.3256],[4.1262,44.3376],[4.2493,44.2658],[4.3258,44.3383],[4.3949,44.3447],[4.3952,44.291],[4.4454,44.2873],[4.4576,44.3416],[4.5073,44.3371],[4.5599,44.302],[4.6495,44.2703],[4.6786,44.3207],[4.7629,44.3255],[4.8046,44.3038],[4.8269,44.2285],[4.8801,44.2617],[4.9224,44.2597],[5.0605,44.3082],[5.1078,44.2808],[5.15,44.3021],[5.1751,44.2207],[5.2529,44.2313],[5.3367,44.2034],[5.3847,44.2011],[5.4506,44.1213],[5.541,44.1327],[5.5749,44.1871],[5.6864,44.1946],[5.6756,44.2759],[5.6476,44.2726],[5.6304,44.3337],[5.4928,44.3371],[5.4381,44.3674],[5.4184,44.4249],[5.4644,44.4479],[5.4799,44.4913],[5.6036,44.4655],[5.6263,44.4981],[5.6074,44.569],[5.6462,44.6094],[5.6417,44.6514],[5.7146,44.6437],[5.7898,44.6532],[5.8264,44.6861],[5.8175,44.7307],[5.8484,44.7512],[5.9511,44.7596],[6.0055,44.8205],[6.0505,44.8183],[6.1329,44.8645],[6.25,44.8519],[6.2694,44.8705],[6.3507,44.8804],[6.3588,44.9413],[6.3229,44.953],[6.3064,45.0048],[6.2534,44.9952],[6.2039,45.0125],[6.2287,45.1073],[6.2642,45.1264],[6.3379,45.1207],[6.3961,45.061],[6.4871,45.0564],[6.4805,45.0908],[6.5764,45.1231],[6.6299,45.1094],[6.6804,45.1403],[6.7405,45.1368],[6.768,45.1598],[6.848,45.1273],[6.8841,45.1565],[6.9545,45.1797],[6.9659,45.2082],[7.0511,45.2256],[7.0765,45.2106],[7.1374,45.2559],[7.1166,45.3288],[7.1851,45.4068],[7.114,45.4334],[7.105,45.4684],[7.0486,45.4725],[6.9999,45.5049],[7.0012,45.6399],[6.931,45.6458],[6.8477,45.6893],[6.8086,45.7251],[6.8008,45.7805],[6.8181,45.8359],[6.8723,45.831],[6.9991,45.8737],[7.0027,45.8968],[7.0445,45.9225],[7.0427,45.9297],[7.0357,45.9383],[7.0374,45.9549],[7.0105,45.9974],[6.9501,46.0516],[6.8919,46.0851],[6.8824,46.1229],[6.798,46.1364],[6.8035,46.2046],[6.8216,46.2231],[6.8212,46.2323],[6.8307,46.2344],[6.8372,46.2408],[6.8398,46.2482],[6.852,46.2521],[6.8554,46.2552],[6.8545,46.2593],[6.8602,46.2662],[6.8589,46.2739],[6.865,46.2811],[6.8574,46.2915],[6.8521,46.2922],[6.8474,46.2899],[6.8198,46.3156],[6.7846,46.3326],[6.7721,46.3503],[6.7714,46.361],[6.8017,46.3875],[6.7243,46.4079],[6.5452,46.3947],[6.3918,46.3412],[6.3441,46.37],[6.2768,46.35],[6.2486,46.3063],[6.2417,46.3043],[6.249,46.3019],[6.247,46.3],[6.2493,46.2989],[6.2483,46.2965],[6.2502,46.2964],[6.2486,46.2943],[6.253,46.2905],[6.2489,46.2865],[6.2418,46.285],[6.2399,46.2821],[6.238,46.2821],[6.2376,46.2777],[6.2429,46.2729],[6.2498,46.2622],[6.2617,46.2546],[6.2668,46.2477],[6.277,46.2155],[6.234,46.2064],[6.2281,46.2024],[6.2219,46.2007],[6.2222,46.199],[6.2183,46.1987],[6.2123,46.1928],[6.2052,46.1918],[6.1979,46.1834],[6.195,46.1842],[6.1871,46.1804],[6.1862,46.1754],[6.1888,46.1664],[6.1856,46.1641],[6.1742,46.1578],[6.1686,46.1572],[6.1419,46.1472],[6.1364,46.1416],[6.1281,46.1403],[6.1202,46.1428],[6.0985,46.1438],[6.0918,46.1519],[6.0523,46.1513],[6.0485,46.1471],[6.0476,46.1422],[6.0425,46.1414],[6.0393,46.1396],[6.0354,46.1343],[6.033,46.1387],[6.0317,46.1394],[6.0285,46.1404],[6.024,46.1404],[6.015,46.1431],[5.9835,46.143],[5.9819,46.1374],[5.9767,46.1332],[5.9652,46.1297],[5.9611,46.1308],[5.9568,46.1288],[5.9559,46.1324],[5.9663,46.1379],[5.9642,46.1447],[5.9801,46.1663],[5.9949,46.1818],[5.9903,46.1878],[5.9828,46.1908],[5.9637,46.197],[5.9656,46.1995],[5.9734,46.2026],[5.9693,46.2066],[5.9734,46.2137],[5.9792,46.2173],[5.9928,46.2152],[5.9936,46.2179],[5.9902,46.2217],[5.9929,46.223],[6.0015,46.2205],[6.0072,46.2239],[6.0066,46.2265],[6.0097,46.2273],[6.0096,46.229],[6.0133,46.2291],[6.013,46.231],[6.0153,46.2304],[6.0164,46.232],[6.0255,46.2332],[6.0337,46.2386],[6.0461,46.2314],[6.0559,46.2417],[6.0633,46.2458],[6.0673,46.2418],[6.073,46.2413],[6.0735,46.2437],[6.0881,46.2471],[6.1015,46.2376],[6.1069,46.2412],[6.1088,46.2399],[6.1208,46.248],[6.1245,46.2526],[6.1033,46.2787],[6.1051,46.283],[6.1024,46.2849],[6.1141,46.2947],[6.1186,46.2959],[6.1218,46.2991],[6.1188,46.3028],[6.1208,46.3068],[6.1192,46.3078],[6.1198,46.3126],[6.1241,46.3155],[6.1261,46.3178],[6.1253,46.3193],[6.1339,46.3281],[6.1361,46.3285],[6.1379,46.3387],[6.1577,46.3499],[6.1699,46.3661],[6.0976,46.409],[6.0639,46.4164],[6.0601,46.4179],[6.0557,46.4158],[6.0492,46.4062],[6.0147,46.3764],[5.984,46.3639],[5.9414,46.3088],[5.8529,46.2614],[5.7252,46.2607],[5.7146,46.309],[5.6498,46.3404],[5.5417,46.2698],[5.4737,46.2643],[5.4753,46.3154],[5.3801,46.3458],[5.3779,46.3822],[5.3341,46.397],[5.3246,46.4285],[5.2099,46.479],[5.1996,46.5075],[5.1465,46.5069],[5.0564,46.4837],[5.0009,46.5119],[4.9328,46.512],[4.8888,46.4038],[4.8518,46.3564],[4.8527,46.3282],[4.8116,46.2612],[4.7804,46.1769],[4.7275,46.1795],[4.7368,46.2326],[4.6792,46.2587],[4.653,46.3042],[4.5828,46.2696],[4.504,46.2672],[4.4574,46.296],[4.4061,46.2962],[4.3894,46.213],[4.3158,46.1707],[4.2078,46.1949],[4.1643,46.173],[4.1038,46.1986],[4.034,46.174],[3.9849,46.1723],[3.9727,46.2028],[3.8901,46.2145],[3.91,46.2479],[3.8972,46.2926],[3.984,46.3187],[3.9772,46.3992],[3.9993,46.4645],[3.9581,46.4906],[3.8603,46.4952],[3.7419,46.5391],[3.7331,46.6047],[3.6698,46.6725],[3.6226,46.74],[3.5503,46.7159],[3.4861,46.6526],[3.4171,46.7104],[3.3136,46.689],[3.2696,46.7167],[3.2044,46.6789],[3.1296,46.7274],[3.0489,46.7584],[3.0321,46.7949],[2.9596,46.8043],[2.8275,46.7353],[2.7011,46.7211],[2.593,46.6466],[2.5778,46.6078],[2.6149,46.5533],[2.5366,46.5197],[2.4969,46.5336],[2.3683,46.5184],[2.2834,46.4495],[2.2811,46.4205]],[[4.8693,44.3449],[4.9182,44.4077],[4.9889,44.4232],[5.0354,44.3907],[5.0138,44.3258],[4.9799,44.2975],[4.8893,44.304],[4.8693,44.3449]]]},"properties":{"countryCode":"FR","regionCode":"FR-ARA","name":"Auvergne-Rhône-Alpes","territoryId":"demo-fr"}},
{"type":"Feature","geometry":{"type":"MultiPolygon","coordinates":[[[[4.8693,44.3449],[4.8893,44.304],[4.9799,44.2975],[5.0138,44.3258],[5.0354,44.3907],[4.9889,44.4232],[4.9182,44.4077],[4.8693,44.3449]]],[[[4.2302,43.4605],[4.4283,43.4482],[4.4585,43.4585],[4.5523,43.4471],[4.5899,43.4024],[4.5836,43.3623],[4.6598,43.3454],[4.7221,43.3513],[4.8622,43.3335],[4.8565,43.4039],[4.9314,43.4332],[4.9774,43.4074],[5.0393,43.4027],[5.0517,43.4639],[5.0073,43.4696],[5.0141,43.5241],[5.1061,43.5261],[5.148,43.4586],[5.2054,43.4922],[5.2256,43.452],[5.1371,43.3995],[4.9971,43.4024],[5.0186,43.3425],[5.0415,43.3274],[5.2292,43.3287],[5.2939,43.3598],[5.332,43.3502],[5.3647,43.3121],[5.3737,43.2546],[5.3429,43.2148],[5.454,43.2093],[5.5004,43.1972],[5.5371,43.2148],[5.5702,43.1745],[5.6236,43.1868],[5.6943,43.1727],[5.7016,43.1434],[5.8134,43.1065],[5.8292,43.0493],[5.9175,43.0859],[5.8976,43.1129],[6.006,43.1041],[6.0513,43.0791],[6.1259,43.078],[6.1821,43.1083],[6.2754,43.1209],[6.3588,43.0894],[6.3676,43.136],[6.4643,43.1576],[6.4932,43.1513],[6.5618,43.1891],[6.6396,43.1723],[6.6643,43.2412],[6.6276,43.3038],[6.7111,43.3446],[6.7348,43.4076],[6.7958,43.4135],[6.9167,43.4489],[6.9598,43.5407],[7.1244,43.5753],[7.1323,43.6231],[7.168,43.6574],[7.2126,43.6477],[7.2402,43.6875],[7.4104,43.7218],[7.4307,43.7489],[7.5294,43.7899],[7.4949,43.8557],[7.5612,43.8988],[7.5878,43.9554],[7.6322,43.9648],[7.7004,44.0407],[7.7156,44.0835],[7.6671,44.1336],[7.6831,44.1754],[7.6361,44.1771],[7.5759,44.1538],[7.3577,44.1162],[7.3446,44.1453],[7.2805,44.1409],[7.1775,44.1972],[7.0687,44.2326],[7.0084,44.2352],[6.9958,44.2802],[6.9557,44.2975],[6.8971,44.3754],[6.8928,44.4209],[6.9368,44.4399],[6.8766,44.4813],[6.8587,44.5347],[6.9329,44.5731],[6.9588,44.6213],[6.9476,44.6537],[6.9871,44.6901],[7.0771,44.681],[7.0294,44.73],[7.0009,44.7922],[7.0066,44.8398],[6.9314,44.8637],[6.8635,44.8506],[6.7508,44.9058],[6.7653,44.9621],[6.7427,45.0166],[6.6639,45.034],[6.6621,45.0717],[6.6299,45.1094],[6.5764,45.1231],[6.4805,45.0908],[6.4871,45.0564],[6.3961,45.061],[6.3379,45.1207],[6.2642,45.1264],[6.2287,45.1073],[6.2039,45.0125],[6.2534,44.9952],[6.3064,45.0048],[6.3229,44.953],[6.3588,44.9413],[6.3507,44.8804],[6.2694,44.8705],[6.25,44.8519],[6.1329,44.8645],[6.0505,44.8183],[6.0055,44.8205],[5.9511,44.7596],[5.8484,44.7512],[5.8175,44.7307],[5.8264,44.6861],[5.7898,44.6532],[5.7146,44.6437],[5.6417,44.6514],[5.6462,44.6094],[5.6074,44.569],[5.6263,44.4981],[5.6036,44.4655],[5.4799,44.4913],[5.4644,44.4479],[5.4184,44.4249],[5.4381,44.3674],[5.4928,44.3371],[5.6304,44.3337],[5.6476,44.2726],[5.6756,44.2759],[5.6864,44.1946],[5.5749,44.1871],[5.541,44.1327],[5.4506,44.1213],[5.3847,44.2011],[5.3367,44.2034],[5.2529,44.2313],[5.1751,44.2207],[5.15,44.3021],[5.1078,44.2808],[5.0605,44.3082],[4.9224,44.2597],[4.8801,44.2617],[4.8269,44.2285],[4.8046,44.3038],[4.7629,44.3255],[4.6786,44.3207],[4.6495,44.2703],[4.6807,44.2122],[4.7225,44.1873],[4.7061,44.1078],[4.7269,44.0783],[4.7878,44.0531],[4.8422,44.0117],[4.8444,43.9893],[4.6929,43.8845],[4.6421,43.8675],[4.6516,43.7825],[4.6125,43.7261],[4.6025,43.6858],[4.5394,43.7076],[4.4856,43.6986],[4.4263,43.625],[4.4033,43.5593],[4.2397,43.4992],[4.2302,43.4605]]]]},"properties":{"countryCode":"FR","regionCode":"FR-PAC","name":"Provence-Alpes-Côte d'Azur","territoryId":"demo-fr"}},
{"type":"Feature","geometry":{"type":"Polygon","coordinates":[[[8.6794,42.4673],[8.6552,42.4153],[8.6118,42.4158],[8.5579,42.3605],[8.6283,42.3323],[8.6875,42.2626],[8.5767,42.2433],[8.5701,42.2063],[8.5954,42.1293],[8.7105,42.0959],[8.7418,42.041],[8.6562,42.0094],[8.6484,41.9685],[8.6098,41.9073],[8.7178,41.9079],[8.7815,41.924],[8.7884,41.8505],[8.7716,41.8114],[8.6846,41.747],[8.7072,41.7217],[8.7752,41.7415],[8.7839,41.7089],[8.9139,41.6909],[8.8718,41.6466],[8.7943,41.6327],[8.7874,41.5631],[8.8327,41.5484],[8.927,41.4897],[9.0388,41.4697],[9.0827,41.4415],[9.0909,41.4018],[9.2196,41.3678],[9.2607,41.4219],[9.2437,41.4468],[9.2841,41.4776],[9.287,41.5296],[9.3307,41.5599],[9.3537,41.6209],[9.4009,41.6933],[9.4068,41.8234],[9.397,41.874],[9.4139,41.9547],[9.5298,42.0857],[9.5551,42.1254],[9.5601,42.2825],[9.5322,42.3827],[9.5434,42.4274],[9.5284,42.5627],[9.4465,42.6747],[9.4656,42.7581],[9.49,42.7955],[9.4612,42.988],[9.4146,43.0069],[9.3433,42.9997],[9.3544,42.9163],[9.334,42.9067],[9.3166,42.8442],[9.3426,42.7977],[9.3458,42.7431],[9.2925,42.6743],[9.257,42.7182],[9.123,42.7313],[9.0081,42.6401],[8.88,42.6291],[8.8111,42.5898],[8.7935,42.5611],[8.7279,42.5663],[8.7203,42.5253],[8.6746,42.5187],[8.6794,42.4673]]]},"properties":{"countryCode":"FR","regionCode":"FR-20R","name":"Corse","territoryId":"demo-fr"}},
{"type":"Feature","geometry":{"type":"Polygon","coordinates":[[[14.3023,50.1298],[14.2481,50.0583],[14.3732,49.9471],[14.53,50.0007],[14.5817,50.011],[14.6402,49.9944],[14.6539,50.0493],[14.7068,50.087],[14.5342,50.1616],[14.4669,50.1695],[14.4225,50.1498],[14.3023,50.1298]]]},"properties":{"countryCode":"CZ","regionCode":"CZ-10","name":"Hlavní město Praha","territoryId":"demo-cz"}},
{"type":"Feature","geometry":{"type":"Polygon","coordinates":[[[15.4971,49.8611],[15.5355,49.9274],[15.474,49.9943],[15.3666,50.0394],[15.4126,50.0631],[15.4374,50.1099],[15.3664,50.1665],[15.3974,50.1979],[15.3708,50.2267],[15.3796,50.2736],[15.3542,50.298],[15.2367,50.2859],[15.2114,50.3217],[15.1298,50.3458],[15.1042,50.3761],[15.1551,50.4075],[15.1342,50.4473],[15.1469,50.5227],[15.0976,50.5346],[15.0045,50.604],[14.9174,50.6068],[14.8471,50.572],[14.8268,50.5383],[14.7582,50.5296],[14.7191,50.4985],[14.5898,50.4737],[14.5751,50.4931],[14.4864,50.505],[14.4732,50.4493],[14.4164,50.4207],[14.3682,50.4248],[14.3671,50.352],[14.2745,50.3547],[14.146,50.3324],[14.0198,50.3484],[13.9913,50.3037],[13.8778,50.2702],[13.7997,50.26],[13.7514,50.2237],[13.6589,50.2315],[13.5891,50.188],[13.5356,50.189],[13.4672,50.1271],[13.4068,50.0896],[13.4019,50.0456],[13.5084,50.0312],[13.5687,49.9945],[13.6564,50.0018],[13.8201,49.9231],[13.8268,49.8826],[13.797,49.8298],[13.7952,49.7694],[13.8404,49.6966],[13.767,49.6606],[13.7389,49.5863],[13.7657,49.5139],[13.8815,49.5227],[13.9231,49.502],[13.9783,49.5117],[14.0431,49.5585],[14.0666,49.5324],[14.1944,49.5362],[14.2659,49.5679],[14.3321,49.5268],[14.3868,49.543],[14.4571,49.5337],[14.5104,49.5445],[14.6317,49.5193],[14.7374,49.5505],[14.7264,49.5791],[14.7681,49.6157],[14.8273,49.5869],[14.8777,49.5869],[14.932,49.5494],[14.9475,49.5797],[15.1021,49.6073],[15.2304,49.6149],[15.2347,49.6652],[15.1848,49.6677],[15.182,49.7103],[15.249,49.7636],[15.3463,49.7694],[15.4164,49.8277],[15.4971,49.8611]],[[14.3023,50.1298],[14.4225,50.1498],[14.4669,50.1695],[14.5342,50.1616],[14.7068,50.087],[14.6539,50.0493],[14.6402,49.9944],[14.5817,50.011],[14.53,50.0007],[14.3732,49.9471],[14.2481,50.0583],[14.3023,50.1298]]]},"properties":{"countryCode":"CZ","regionCode":"CZ-20","name":"Středočeský kraj","territoryId":"demo-cz"}},
{"type":"Feature","geometry":{"type":"Polygon","coordinates":[[[13.7657,49.5139],[13.7777,49.4407],[13.7586,49.3991],[13.7915,49.3684],[13.736,49.3161],[13.7267,49.2436],[13.6939,49.1692],[13.5895,49.1263],[13.6032,49.0545],[13.5432,49.0179],[13.536,48.9857],[13.5443,48.9804],[13.551,48.9787],[13.5489,48.9744],[13.5515,48.9704],[13.5509,48.9676],[13.5903,48.953],[13.5978,48.946],[13.6102,48.9386],[13.6079,48.9435],[13.6216,48.949],[13.6225,48.9388],[13.638,48.9257],[13.6555,48.8936],[13.6612,48.8944],[13.668,48.8879],[13.6714,48.8801],[13.6759,48.8787],[13.6842,48.88],[13.6893,48.8782],[13.7022,48.8817],[13.7169,48.8781],[13.7251,48.8813],[13.7306,48.8871],[13.7379,48.886],[13.7373,48.8793],[13.7436,48.8759],[13.7506,48.8668],[13.7494,48.8596],[13.7549,48.855],[13.7644,48.8345],[13.7882,48.8248],[13.7956,48.8148],[13.8152,48.7971],[13.8082,48.7834],[13.8132,48.774],[13.8314,48.7708],[13.8432,48.7726],[13.8485,48.7698],[13.8573,48.7713],[13.8761,48.7666],[13.8955,48.7571],[13.9558,48.7145],[14.0033,48.7086],[14.0389,48.6761],[14.0106,48.6397],[14.0722,48.5999],[14.1817,48.5939],[14.3427,48.5548],[14.4314,48.5891],[14.4355,48.598],[14.4422,48.6002],[14.4525,48.6319],[14.4456,48.6378],[14.4438,48.6434],[14.4533,48.6447],[14.4591,48.6433],[14.4686,48.6462],[14.5033,48.6174],[14.5535,48.6058],[14.6178,48.6219],[14.6635,48.582],[14.6825,48.5827],[14.6877,48.5851],[14.6913,48.5852],[14.6915,48.5841],[14.6936,48.5854],[14.7015,48.5827],[14.7077,48.5871],[14.706,48.5909],[14.7211,48.6024],[14.7141,48.6174],[14.7222,48.6384],[14.7123,48.6501],[14.727,48.6787],[14.727,48.6871],[14.7366,48.6989],[14.7483,48.7032],[14.757,48.7093],[14.774,48.7116],[14.7856,48.7183],[14.787,48.7222],[14.7907,48.7237],[14.7944,48.7298],[14.8115,48.7614],[14.8063,48.7717],[14.8087,48.7788],[14.8202,48.7813],[14.8403,48.782],[14.8813,48.7801],[14.8881,48.7701],[14.9558,48.7581],[14.9607,48.7623],[14.968,48.764],[14.9702,48.7672],[14.9757,48.7689],[14.9808,48.7753],[14.9801,48.7792],[14.9737,48.7832],[14.9534,48.7895],[14.9697,48.8239],[14.9729,48.8747],[14.9916,48.8973],[14.9784,48.9804],[14.9951,48.9932],[15.0008,49.0037],[14.9904,49.0097],[14.9959,49.0151],[15.003,49.0115],[15.0206,49.0205],[15.0648,48.9996],[15.1563,48.9933],[15.1903,48.9433],[15.2244,48.9601],[15.2464,48.9595],[15.2616,48.9536],[15.2619,48.9576],[15.2691,48.9583],[15.2818,48.9807],[15.2758,48.9858],[15.2789,48.9947],[15.29,48.9925],[15.291,48.9843],[15.3057,48.9779],[15.3217,48.9761],[15.3322,48.9848],[15.336,48.9832],[15.3484,48.9848],[15.367,48.9819],[15.4248,48.9516],[15.4685,48.9518],[15.502,48.936],[15.5121,48.9148],[15.5424,48.9077],[15.5465,48.9161],[15.5507,48.9177],[15.5496,48.9239],[15.558,48.9223],[15.5738,48.9397],[15.5868,48.947],[15.5208,48.9784],[15.5092,49.0174],[15.5568,49.0669],[15.6037,49.0888],[15.5461,49.1353],[15.5028,49.1192],[15.3827,49.1361],[15.3433,49.1669],[15.3312,49.2194],[15.2796,49.2103],[15.1979,49.2351],[15.1408,49.2231],[15.1037,49.2701],[15.0299,49.2966],[14.9912,49.275],[14.906,49.3328],[14.8882,49.376],[14.9301,49.468],[14.932,49.5494],[14.8777,49.5869],[14.8273,49.5869],[14.7681,49.6157],[14.7264,49.5791],[14.7374,49.5505],[14.6317,49.5193],[14.5104,49.5445],[14.4571,49.5337],[14.3868,49.543],[14.3321,49.5268],[14.2659,49.5679],[14.1944,49.5362],[14.0666,49.5324],[14.0431,49.5585],[13.9783,49.5117],[13.9231,49.502],[13.8815,49.5227],[13.7657,49.5139]]]},"properties":{"countryCode":"CZ","regionCode":"CZ-31","name":"Jihočeský kraj","territoryId":"demo-cz"}},
{"type":"Feature","geometry":{"type":"Polygon","coordinates":[[[13.4068,50.0896],[13.3018,50.0993],[13.2059,50],[13.0969,50.0351],[12.9998,49.9793],[12.9216,49.9212],[12.8108,49.9398],[12.7128,49.9123],[12.5507,49.9053],[12.5481,49.8988],[12.5399,49.8912],[12.5355,49.8908],[12.5216,49.8817],[12.5187,49.8771],[12.5186,49.8691],[12.5121,49.8594],[12.5077,49.8576],[12.4979,49.8569],[12.498,49.8375],[12.4832,49.8419],[12.4731,49.8337],[12.4763,49.8249],[12.4734,49.8151],[12.4693,49.7871],[12.4048,49.7628],[12.4016,49.7594],[12.4006,49.7538],[12.4132,49.7322],[12.4257,49.7306],[12.4294,49.7201],[12.4329,49.718],[12.4425,49.7038],[12.484,49.694],[12.4851,49.6879],[12.5052,49.6852],[12.5147,49.6878],[12.522,49.6864],[12.5226,49.6768],[12.53,49.6661],[12.5262,49.6543],[12.5172,49.6454],[12.5281,49.6181],[12.5458,49.6213],[12.5607,49.6196],[12.5569,49.6143],[12.5623,49.609],[12.5641,49.5968],[12.5767,49.5863],[12.5708,49.5694],[12.5742,49.5644],[12.5743,49.5591],[12.5879,49.5458],[12.5885,49.5385],[12.6021,49.5324],[12.6286,49.527],[12.6361,49.532],[12.6442,49.523],[12.6394,49.5007],[12.6556,49.4348],[12.6794,49.4261],[12.7087,49.4248],[12.7577,49.3948],[12.7611,49.3825],[12.7581,49.3752],[12.7684,49.3654],[12.7771,49.364],[12.7824,49.3592],[12.7786,49.3552],[12.7787,49.3482],[12.7858,49.3455],[12.8031,49.3416],[12.8372,49.3407],[12.8429,49.3423],[12.8435,49.3451],[12.8477,49.3444],[12.8534,49.3381],[12.8594,49.3388],[12.8769,49.3325],[12.8889,49.3334],[12.881,49.3435],[12.8798,49.349],[12.88,49.3504],[12.8888,49.3509],[12.906,49.3487],[12.9193,49.3434],[12.9276,49.3449],[12.939,49.3422],[12.9428,49.3442],[12.95,49.3429],[13.0291,49.3043],[13.0304,49.2876],[13.0255,49.2788],[13.034,49.2639],[13.0431,49.265],[13.0553,49.2639],[13.0567,49.2567],[13.0604,49.2502],[13.0728,49.2464],[13.0808,49.2474],[13.1769,49.1642],[13.1703,49.144],[13.2055,49.1222],[13.2361,49.1137],[13.2892,49.1186],[13.3442,49.0889],[13.3464,49.0821],[13.3545,49.0787],[13.3638,49.0691],[13.3669,49.0693],[13.3705,49.0675],[13.3762,49.0583],[13.3863,49.0528],[13.3922,49.0543],[13.3963,49.0515],[13.3979,49.0458],[13.3917,49.0421],[13.3997,49.0371],[13.4058,49.0238],[13.4094,49.0032],[13.4023,48.9944],[13.4027,48.9872],[13.4958,48.9415],[13.5509,48.9676],[13.5515,48.9704],[13.5489,48.9744],[13.551,48.9787],[13.5443,48.9804],[13.536,48.9857],[13.5432,49.0179],[13.6032,49.0545],[13.5895,49.1263],[13.6939,49.1692],[13.7267,49.2436],[13.736,49.3161],[13.7915,49.3684],[13.7586,49.3991],[13.7777,49.4407],[13.7657,49.5139],[13.7389,49.5863],[13.767,49.6606],[13.8404,49.6966],[13.7952,49.7694],[13.797,49.8298],[13.8268,49.8826],[13.8201,49.9231],[13.6564,50.0018],[13.5687,49.9945],[13.5084,50.0312],[13.4019,50.0456],[13.4068,50.0896]]]},"properties":{"countryCode":"CZ","regionCode":"CZ-32","name":"Plzeňský kraj","territoryId":"demo-cz"}},
{"type":"Feature","geometry":{"type":"Polygon","coordinates":[[[13.3018,50.0993],[13.2739,50.1281],[13.2871,50.1681],[13.2317,50.2148],[13.2221,50.3525],[13.1335,50.36],[13.0972,50.3825],[12.9743,50.3893],[12.9482,50.4047],[12.9374,50.4063],[12.9362,50.4118],[12.925,50.4162],[12.9122,50.4238],[12.819,50.4603],[12.6733,50.4168],[12.512,50.3973],[12.4685,50.3546],[12.4424,50.342],[12.435,50.3326],[12.4372,50.3278],[12.431,50.3227],[12.4253,50.3245],[12.4047,50.324],[12.3984,50.3214],[12.4007,50.3187],[12.3983,50.308],[12.403,50.3008],[12.3996,50.2937],[12.3941,50.2896],[12.382,50.2889],[12.3707,50.2851],[12.3313,50.2424],[12.3267,50.2185],[12.3273,50.2102],[12.3234,50.2071],[12.3264,50.2021],[12.3329,50.1977],[12.3383,50.1923],[12.3362,50.1886],[12.3293,50.186],[12.3277,50.1758],[12.3374,50.1735],[12.3321,50.1713],[12.3268,50.1728],[12.3185,50.1718],[12.3035,50.1754],[12.2922,50.1803],[12.2901,50.1852],[12.2861,50.1857],[12.2847,50.1899],[12.2822,50.1886],[12.2775,50.1917],[12.2747,50.1965],[12.2777,50.1995],[12.288,50.2031],[12.2856,50.2059],[12.289,50.2105],[12.2825,50.208],[12.2825,50.2131],[12.2939,50.221],[12.2853,50.2232],[12.2804,50.2231],[12.2793,50.2243],[12.2868,50.2253],[12.275,50.2332],[12.2671,50.2318],[12.2395,50.2462],[12.2416,50.2508],[12.25,50.2545],[12.2469,50.2572],[12.2551,50.2529],[12.2594,50.2522],[12.2646,50.2527],[12.2662,50.2589],[12.2615,50.2613],[12.2538,50.271],[12.2505,50.2693],[12.2478,50.2702],[12.2469,50.2682],[12.2303,50.2713],[12.2132,50.2701],[12.2013,50.2728],[12.2021,50.2881],[12.1951,50.2933],[12.2009,50.3089],[12.1995,50.3067],[12.1846,50.3222],[12.1466,50.3219],[12.1304,50.319],[12.115,50.3131],[12.126,50.3072],[12.1192,50.2988],[12.122,50.296],[12.1228,50.291],[12.1359,50.2838],[12.1401,50.2778],[12.1383,50.275],[12.1089,50.238],[12.1575,50.2272],[12.1573,50.2232],[12.164,50.218],[12.1597,50.2112],[12.1649,50.2135],[12.1664,50.212],[12.1754,50.2128],[12.1916,50.1987],[12.1971,50.1991],[12.1976,50.1979],[12.1913,50.1977],[12.1889,50.1955],[12.2012,50.1886],[12.2083,50.1744],[12.216,50.1682],[12.2114,50.1589],[12.2,50.1515],[12.1952,50.1432],[12.1946,50.1377],[12.1974,50.1356],[12.1963,50.1229],[12.2026,50.1154],[12.1996,50.1118],[12.2008,50.1087],[12.2655,50.079],[12.2608,50.0644],[12.2793,50.0552],[12.299,50.0586],[12.3112,50.0554],[12.3144,50.0525],[12.3173,50.0534],[12.3192,50.0487],[12.3157,50.046],[12.3245,50.0388],[12.3259,50.0328],[12.3335,50.0348],[12.3357,50.0385],[12.3397,50.0393],[12.3474,50.0367],[12.3675,50.0174],[12.3787,50.0191],[12.3797,50.0139],[12.3866,50.0125],[12.4021,50.005],[12.4607,49.9949],[12.47,49.9909],[12.4685,49.9894],[12.4754,49.9838],[12.49,49.9816],[12.494,49.9699],[12.4906,49.9586],[12.4816,49.9583],[12.4782,49.9567],[12.47,49.9483],[12.4783,49.9355],[12.5121,49.9276],[12.5223,49.9277],[12.5427,49.9235],[12.5483,49.9193],[12.5507,49.9053],[12.7128,49.9123],[12.8108,49.9398],[12.9216,49.9212],[12.9998,49.9793],[13.0969,50.0351],[13.2059,50],[13.3018,50.0993]]]},"properties":{"countryCode":"CZ","regionCode":"CZ-41","name":"Karlovarský kraj","territoryId":"demo-cz"}},
{"type":"Feature","geometry":{"type":"Polygon","coordinates":[[[14.4864,50.505],[14.4398,50.5301],[14.3428,50.6674],[14.379,50.6908],[14.4762,50.8163],[14.5607,50.7998],[14.5673,50.8381],[14.6189,50.8578],[14.619,50.8646],[14.6241,50.8683],[14.6327,50.8833],[14.6367,50.8978],[14.6472,50.904],[14.6528,50.9054],[14.6523,50.9259],[14.6502,50.9315],[14.6441,50.9315],[14.5962,50.9627],[14.5922,50.9667],[14.5968,50.9691],[14.5991,50.9872],[14.5815,50.9936],[14.5787,51.0004],[14.561,51.0069],[14.5556,51.0072],[14.5348,51.0037],[14.5398,51.0104],[14.5322,51.0166],[14.4986,51.0221],[14.5017,51.0324],[14.5086,51.0427],[14.4908,51.0436],[14.4943,51.0358],[14.4927,51.0234],[14.4744,51.0255],[14.4754,51.0295],[14.4704,51.0309],[14.4657,51.0353],[14.4538,51.0359],[14.4352,51.027],[14.432,51.0234],[14.4198,51.0191],[14.3848,51.027],[14.362,51.0453],[14.3468,51.0415],[14.3451,51.039],[14.3369,51.039],[14.327,51.047],[14.3267,51.0493],[14.317,51.0553],[14.3017,51.055],[14.2922,51.0465],[14.2865,51.0386],[14.2739,51.0398],[14.2736,51.0378],[14.2798,51.0364],[14.2853,51.0322],[14.2864,51.0275],[14.2801,51.0141],[14.2587,50.9875],[14.3114,50.954],[14.3738,50.9381],[14.388,50.8992],[14.3752,50.898],[14.3738,50.8962],[14.3628,50.8974],[14.3586,50.8996],[14.3544,50.8982],[14.3491,50.8927],[14.3194,50.8889],[14.3048,50.8839],[14.2903,50.8857],[14.2831,50.8922],[14.2674,50.8953],[14.2516,50.8878],[14.2365,50.8823],[14.2235,50.8591],[14.2007,50.8512],[14.171,50.8474],[14.1615,50.8476],[14.0895,50.8261],[14.0785,50.8125],[14.0405,50.8108],[14.0351,50.8052],[14.0299,50.8043],[14.0174,50.8109],[13.9907,50.82],[13.9544,50.8076],[13.9561,50.8006],[13.939,50.7899],[13.9028,50.753],[13.8988,50.7451],[13.8966,50.7431],[13.8803,50.7377],[13.8549,50.727],[13.8434,50.7252],[13.8352,50.727],[13.8266,50.7242],[13.8156,50.7277],[13.8074,50.7333],[13.7583,50.7358],[13.7509,50.7296],[13.7406,50.7273],[13.7281,50.7337],[13.7114,50.7234],[13.7123,50.7195],[13.7067,50.7167],[13.6881,50.7195],[13.6814,50.725],[13.6647,50.7321],[13.6421,50.7294],[13.6249,50.723],[13.627,50.7159],[13.6027,50.7102],[13.5882,50.7131],[13.558,50.7149],[13.5271,50.6991],[13.5399,50.6907],[13.5444,50.6775],[13.5386,50.6731],[13.5402,50.6681],[13.5304,50.6681],[13.5128,50.6538],[13.4976,50.632],[13.4599,50.6043],[13.3773,50.6273],[13.3376,50.6127],[13.3357,50.6101],[13.3347,50.6067],[13.3248,50.6084],[13.3259,50.6046],[13.3193,50.6019],[13.3229,50.5974],[13.3232,50.5811],[13.2911,50.5749],[13.2857,50.5813],[13.284,50.5886],[13.2787,50.593],[13.2602,50.5922],[13.2559,50.5954],[13.2484,50.5921],[13.2331,50.5792],[13.2232,50.5585],[13.2286,50.5552],[13.2294,50.5501],[13.2217,50.546],[13.2221,50.5419],[13.2097,50.5304],[13.2076,50.5216],[13.1951,50.5161],[13.1533,50.5085],[13.1326,50.5186],[13.1199,50.514],[13.1034,50.5036],[13.0853,50.5002],[13.0561,50.5012],[13.0199,50.4466],[13.0085,50.4393],[12.9955,50.4336],[12.9852,50.4204],[12.9482,50.4047],[12.9743,50.3893],[13.0972,50.3825],[13.1335,50.36],[13.2221,50.3525],[13.2317,50.2148],[13.2871,50.1681],[13.2739,50.1281],[13.3018,50.0993],[13.4068,50.0896],[13.4672,50.1271],[13.5356,50.189],[13.5891,50.188],[13.6589,50.2315],[13.7514,50.2237],[13.7997,50.26],[13.8778,50.2702],[13.9913,50.3037],[14.0198,50.3484],[14.146,50.3324],[14.2745,50.3547],[14.3671,50.352],[14.3682,50.4248],[14.4164,50.4207],[14.4732,50.4493],[14.4864,50.505]]]},"properties":{"countryCode":"CZ","regionCode":"CZ-42","name":"Ústecký kraj","territoryId":"demo-cz"}},
{"type":"Feature","geometry":{"type":"Polygon","coordinates":[[[15.1469,50.5227],[15.2232,50.4942],[15.2855,50.5239],[15.4155,50.4808],[15.4365,50.5217],[15.4951,50.5327],[15.5446,50.515],[15.6322,50.5227],[15.5711,50.5812],[15.5946,50.6115],[15.5606,50.7191],[15.5736,50.7359],[15.5354,50.7633],[15.5352,50.7794],[15.511,50.7908],[15.4937,50.7882],[15.4805,50.7908],[15.4735,50.7968],[15.4509,50.8041],[15.4502,50.8071],[15.4388,50.8091],[15.4254,50.8063],[15.4208,50.8032],[15.4151,50.7928],[15.4036,50.7822],[15.3941,50.7765],[15.3845,50.7755],[15.3804,50.778],[15.3737,50.7781],[15.3698,50.7812],[15.3735,50.7848],[15.3725,50.7958],[15.3662,50.8021],[15.3687,50.8054],[15.372,50.8082],[15.3741,50.8118],[15.37,50.8144],[15.372,50.8191],[15.3761,50.8211],[15.3722,50.8236],[15.3673,50.838],[15.3603,50.8423],[15.3537,50.8514],[15.3501,50.8508],[15.3118,50.8602],[15.2771,50.891],[15.2669,50.9203],[15.2697,50.9255],[15.2678,50.9325],[15.2701,50.936],[15.2786,50.9418],[15.2887,50.9463],[15.2922,50.9526],[15.2881,50.958],[15.2739,50.9629],[15.2741,50.9795],[15.2485,50.9797],[15.2393,50.986],[15.2372,50.9946],[15.1052,50.9914],[15.1008,50.994],[15.0968,51.0029],[15.1062,51.0071],[15.1067,51.0104],[15.0984,51.0132],[15.0938,51.0125],[15.0851,51.0148],[15.0679,51.0211],[15.061,51.0229],[15.0577,51.0225],[15.0579,51.0137],[15.0557,51.012],[15.0354,51.0128],[15.0165,51.0218],[15.0143,50.9398],[14.9895,50.9216],[14.9985,50.9136],[14.9992,50.9068],[14.994,50.8918],[15.0019,50.8688],[14.9593,50.8619],[14.9374,50.8694],[14.9025,50.8758],[14.9002,50.876],[14.8973,50.8674],[14.8744,50.8771],[14.8671,50.8772],[14.8638,50.8705],[14.8554,50.8687],[14.847,50.8703],[14.8405,50.869],[14.8295,50.8727],[14.8234,50.8706],[14.8251,50.8678],[14.8213,50.8594],[14.8106,50.8513],[14.8002,50.8231],[14.7929,50.82],[14.7925,50.8235],[14.7905,50.824],[14.7792,50.82],[14.7665,50.8192],[14.69,50.838],[14.665,50.8492],[14.6603,50.8502],[14.6478,50.8487],[14.6331,50.855],[14.6189,50.8578],[14.5673,50.8381],[14.5607,50.7998],[14.4762,50.8163],[14.379,50.6908],[14.3428,50.6674],[14.4398,50.5301],[14.4864,50.505],[14.5751,50.4931],[14.5898,50.4737],[14.7191,50.4985],[14.7582,50.5296],[14.8268,50.5383],[14.8471,50.572],[14.9174,50.6068],[15.0045,50.604],[15.0976,50.5346],[15.1469,50.5227]]]},"properties":{"countryCode":"CZ","regionCode":"CZ-51","name":"Liberecký kraj","territoryId":"demo-cz"}},
{"type":"Feature","geometry":{"type":"Polygon","coordinates":[[[15.4374,50.1099],[15.5214,50.135],[15.7389,50.1416],[15.815,50.1359],[15.8878,50.1625],[15.9922,50.1574],[16.0096,50.1126],[16.2232,50.0464],[16.3303,50.0486],[16.3388,50.0896],[16.4722,50.1369],[16.4964,50.1676],[16.5801,50.1424],[16.5617,50.1634],[16.5544,50.1957],[16.5585,50.2101],[16.5582,50.2135],[16.5534,50.215],[16.5568,50.2171],[16.5573,50.2205],[16.5514,50.2228],[16.5483,50.2298],[16.5376,50.239],[16.5292,50.2376],[16.5229,50.2394],[16.4975,50.2598],[16.4897,50.2642],[16.487,50.2708],[16.4819,50.2714],[16.4801,50.2771],[16.4667,50.2869],[16.4681,50.2902],[16.4647,50.293],[16.4646,50.2957],[16.4482,50.305],[16.444,50.3131],[16.438,50.3164],[16.4365,50.321],[16.4313,50.3247],[16.4108,50.3246],[16.4053,50.3201],[16.3993,50.3192],[16.3607,50.3796],[16.2992,50.3808],[16.2916,50.3701],[16.2786,50.3674],[16.2769,50.3762],[16.2683,50.3791],[16.2659,50.3816],[16.2674,50.3867],[16.2631,50.3936],[16.2529,50.4056],[16.2218,50.4069],[16.2145,50.4091],[16.2105,50.4112],[16.2141,50.4147],[16.2098,50.4268],[16.204,50.4296],[16.1983,50.4288],[16.1957,50.4321],[16.1987,50.4347],[16.1988,50.4418],[16.205,50.4487],[16.213,50.4517],[16.2214,50.4509],[16.2557,50.4676],[16.2587,50.4802],[16.2696,50.4796],[16.2685,50.4829],[16.2735,50.4825],[16.2837,50.4798],[16.2885,50.4809],[16.2941,50.4792],[16.2997,50.4852],[16.3005,50.4915],[16.3046,50.491],[16.3124,50.4941],[16.3094,50.4994],[16.3115,50.5061],[16.3207,50.5076],[16.3325,50.5035],[16.3343,50.4998],[16.3382,50.4997],[16.3438,50.4958],[16.3478,50.4965],[16.3604,50.5012],[16.3739,50.5164],[16.3867,50.5203],[16.4018,50.5299],[16.4047,50.5693],[16.4449,50.5796],[16.3431,50.6615],[16.3339,50.6625],[16.3221,50.6666],[16.3138,50.6645],[16.3128,50.6623],[16.305,50.6591],[16.2841,50.6605],[16.2818,50.6614],[16.2794,50.6682],[16.2686,50.6673],[16.2633,50.6683],[16.2584,50.6671],[16.2348,50.6716],[16.2302,50.6677],[16.2215,50.6515],[16.2205,50.6365],[16.2174,50.6333],[16.2009,50.6317],[16.1842,50.6272],[16.1794,50.6287],[16.1802,50.6336],[16.177,50.6396],[16.1704,50.6453],[16.1484,50.6533],[16.1395,50.6508],[16.1345,50.6561],[16.1279,50.6576],[16.1258,50.6606],[16.1163,50.6604],[16.113,50.6586],[16.1113,50.6609],[16.1037,50.6634],[16.1008,50.6625],[16.0951,50.653],[16.0847,50.6471],[16.0676,50.6398],[16.0598,50.625],[16.0573,50.6169],[16.0584,50.6131],[16.0561,50.6097],[16.0426,50.6142],[16.0248,50.5986],[16.0195,50.6003],[16.0157,50.6061],[16.0112,50.6069],[16.0085,50.6047],[15.9905,50.6105],[15.9864,50.6135],[15.9867,50.6152],[15.9976,50.6225],[16.0218,50.6302],[16.0163,50.6333],[16.0085,50.6345],[16.0045,50.6575],[15.9904,50.677],[15.9909,50.6834],[15.9672,50.6917],[15.9195,50.6846],[15.8851,50.6754],[15.861,50.6745],[15.8633,50.6813],[15.8299,50.7244],[15.8319,50.7427],[15.8162,50.7553],[15.7057,50.7373],[15.6839,50.7526],[15.6221,50.7652],[15.6164,50.7723],[15.6018,50.7768],[15.5788,50.779],[15.564,50.7761],[15.5457,50.7805],[15.5352,50.7794],[15.5354,50.7633],[15.5736,50.7359],[15.5606,50.7191],[15.5946,50.6115],[15.5711,50.5812],[15.6322,50.5227],[15.5446,50.515],[15.4951,50.5327],[15.4365,50.5217],[15.4155,50.4808],[15.2855,50.5239],[15.2232,50.4942],[15.1469,50.5227],[15.1342,50.4473],[15.1551,50.4075],[15.1042,50.3761],[15.1298,50.3458],[15.2114,50.3217],[15.2367,50.2859],[15.3542,50.298],[15.3796,50.2736],[15.3708,50.2267],[15.3974,50.1979],[15.3664,50.1665],[15.4374,50.1099]]]},"properties":{"countryCode":"CZ","regionCode":"CZ-52","name":"Královéhradecký kraj","territoryId":"demo-cz"}},
{"type":"Feature","geometry":{"type":"Polygon","coordinates":[[[15.4971,49.8611],[15.6114,49.8089],[15.6857,49.8108],[15.7287,49.7827],[15.7813,49.7762],[15.8653,49.7322],[15.8701,49.7026],[15.9495,49.6861],[15.9723,49.7195],[16.0752,49.7118],[16.2422,49.66],[16.2698,49.6297],[16.3704,49.6021],[16.392,49.5801],[16.4417,49.5989],[16.5332,49.5908],[16.5554,49.6308],[16.7155,49.6214],[16.8041,49.5988],[16.8038,49.6565],[16.8457,49.6806],[16.8475,49.7161],[16.7361,49.8307],[16.7567,49.92],[16.712,49.9995],[16.7683,50.0071],[16.8187,50.0445],[16.7983,50.0693],[16.8243,50.0855],[16.8258,50.1147],[16.8483,50.1651],[16.8659,50.177],[16.8673,50.189],[16.8634,50.1931],[16.8645,50.1974],[16.8628,50.1982],[16.8619,50.2011],[16.8486,50.2076],[16.8352,50.2024],[16.8359,50.1979],[16.8259,50.1946],[16.8229,50.1887],[16.8168,50.1921],[16.8122,50.191],[16.8054,50.1827],[16.8007,50.1801],[16.7974,50.1657],[16.7945,50.1613],[16.7863,50.1533],[16.7816,50.1513],[16.7833,50.1456],[16.7554,50.1339],[16.7509,50.1353],[16.745,50.1347],[16.7291,50.1169],[16.7239,50.1052],[16.706,50.0966],[16.6887,50.0986],[16.678,50.1038],[16.6535,50.1098],[16.6413,50.1122],[16.5801,50.1424],[16.4964,50.1676],[16.4722,50.1369],[16.3388,50.0896],[16.3303,50.0486],[16.2232,50.0464],[16.0096,50.1126],[15.9922,50.1574],[15.8878,50.1625],[15.815,50.1359],[15.7389,50.1416],[15.5214,50.135],[15.4374,50.1099],[15.4126,50.0631],[15.3666,50.0394],[15.474,49.9943],[15.5355,49.9274],[15.4971,49.8611]]]},"properties":{"countryCode":"CZ","regionCode":"CZ-53","name":"Pardubický kraj","territoryId":"demo-cz"}},
{"type":"Feature","geometry":{"type":"Polygon","coordinates":[[[14.932,49.5494],[14.9301,49.468],[14.8882,49.376],[14.906,49.3328],[14.9912,49.275],[15.0299,49.2966],[15.1037,49.2701],[15.1408,49.2231],[15.1979,49.2351],[15.2796,49.2103],[15.3312,49.2194],[15.3433,49.1669],[15.3827,49.1361],[15.5028,49.1192],[15.5461,49.1353],[15.6037,49.0888],[15.5568,49.0669],[15.5092,49.0174],[15.5208,48.9784],[15.5868,48.947],[15.6238,48.9418],[15.704,48.9678],[15.7305,48.947],[15.7968,48.9971],[15.8947,49.0393],[16.1184,49.0381],[16.137,49.0679],[16.2268,49.0837],[16.2499,49.1108],[16.2252,49.1642],[16.2699,49.1774],[16.2349,49.2255],[16.294,49.3123],[16.2444,49.3235],[16.2318,49.3666],[16.2618,49.4256],[16.3217,49.4292],[16.3902,49.47],[16.4183,49.5252],[16.3792,49.5437],[16.392,49.5801],[16.3704,49.6021],[16.2698,49.6297],[16.2422,49.66],[16.0752,49.7118],[15.9723,49.7195],[15.9495,49.6861],[15.8701,49.7026],[15.8653,49.7322],[15.7813,49.7762],[15.7287,49.7827],[15.6857,49.8108],[15.6114,49.8089],[15.4971,49.8611],[15.4164,49.8277],[15.3463,49.7694],[15.249,49.7636],[15.182,49.7103],[15.1848,49.6677],[15.2347,49.6652],[15.2304,49.6149],[15.1021,49.6073],[14.9475,49.5797],[14.932,49.5494]]]},"properties":{"countryCode":"CZ","regionCode":"CZ-63","name":"Kraj Vysočina","territoryId":"demo-cz"}},
{"type":"Feature","geometry":{"type":"Polygon","coordinates":[[[15.5424,48.9077],[15.578,48.8959],[15.5948,48.8971],[15.6107,48.8965],[15.6142,48.8977],[15.6255,48.8911],[15.6303,48.885],[15.6557,48.8814],[15.6906,48.8555],[15.7537,48.8522],[15.7708,48.8641],[15.7795,48.8749],[15.8061,48.8722],[15.8217,48.8727],[15.8276,48.871],[15.8977,48.8484],[15.9944,48.7793],[16.0805,48.7498],[16.1029,48.7454],[16.1389,48.7428],[16.154,48.7488],[16.3665,48.728],[16.3952,48.7364],[16.4005,48.7394],[16.4103,48.7433],[16.4136,48.7539],[16.435,48.7656],[16.4358,48.7782],[16.4487,48.7994],[16.4619,48.8046],[16.525,48.8007],[16.5936,48.7827],[16.6637,48.781],[16.6886,48.7293],[16.7247,48.738],[16.7758,48.7119],[16.8223,48.7103],[16.8694,48.7125],[16.8863,48.7162],[16.9062,48.7147],[16.9026,48.7119],[16.9046,48.7094],[16.9123,48.7059],[16.9186,48.6935],[16.9105,48.6757],[16.9233,48.6696],[16.9188,48.6224],[16.9276,48.6191],[16.9381,48.6185],[16.9402,48.6165],[16.9472,48.6217],[16.9567,48.6238],[16.9679,48.6686],[17.0433,48.7643],[17.0887,48.7855],[17.1109,48.8312],[17.202,48.8781],[17.313,48.8433],[17.3613,48.8135],[17.4775,48.8413],[17.5199,48.8128],[17.5952,48.8286],[17.6469,48.8543],[17.6021,48.9103],[17.523,48.9568],[17.4343,48.9504],[17.3357,49.0156],[17.2303,49.0404],[17.2135,49.0929],[17.1243,49.0743],[17.1806,49.1729],[17.1357,49.2151],[17.1597,49.2751],[17.138,49.3271],[17.0462,49.354],[16.988,49.4521],[16.9381,49.4949],[16.8757,49.4824],[16.9157,49.429],[16.8628,49.3872],[16.7962,49.4115],[16.7844,49.4969],[16.7946,49.5339],[16.7529,49.5599],[16.8041,49.5988],[16.7155,49.6214],[16.5554,49.6308],[16.5332,49.5908],[16.4417,49.5989],[16.392,49.5801],[16.3792,49.5437],[16.4183,49.5252],[16.3902,49.47],[16.3217,49.4292],[16.2618,49.4256],[16.2318,49.3666],[16.2444,49.3235],[16.294,49.3123],[16.2349,49.2255],[16.2699,49.1774],[16.2252,49.1642],[16.2499,49.1108],[16.2268,49.0837],[16.137,49.0679],[16.1184,49.0381],[15.8947,49.0393],[15.7968,48.9971],[15.7305,48.947],[15.704,48.9678],[15.6238,48.9418],[15.5868,48.947],[15.5738,48.9397],[15.558,48.9223],[15.5496,48.9239],[15.5507,48.9177],[15.5465,48.9161],[15.5424,48.9077]]]},"properties":{"countryCode":"CZ","regionCode":"CZ-64","name":"Jihomoravský kraj","territoryId":"demo-cz"}},
{"type":"Feature","geometry":{"type":"Polygon","coordinates":[[[16.8041,49.5988],[16.7529,49.5599],[16.7946,49.5339],[16.7844,49.4969],[16.7962,49.4115],[16.8628,49.3872],[16.9157,49.429],[16.8757,49.4824],[16.9381,49.4949],[16.988,49.4521],[17.0462,49.354],[17.138,49.3271],[17.1597,49.2751],[17.201,49.2928],[17.2712,49.2943],[17.3516,49.3486],[17.3347,49.39],[17.4663,49.3698],[17.5159,49.4011],[17.6202,49.3968],[17.6921,49.4632],[17.7338,49.4348],[17.7772,49.4485],[17.7873,49.4858],[17.8866,49.5086],[17.9168,49.5382],[17.7728,49.652],[17.6895,49.6769],[17.6978,49.7252],[17.654,49.7602],[17.5861,49.75],[17.5249,49.7904],[17.4567,49.8552],[17.3846,49.7945],[17.3814,49.8486],[17.3158,49.8564],[17.2507,49.8253],[17.1771,49.85],[17.1487,49.8874],[17.2035,49.9494],[17.1617,49.9778],[17.1675,50.0112],[17.2345,50.0639],[17.2203,50.1022],[17.2394,50.142],[17.3383,50.1846],[17.4297,50.2542],[17.4277,50.2586],[17.4312,50.2631],[17.4207,50.2774],[17.4069,50.2739],[17.4008,50.2796],[17.3891,50.2827],[17.3661,50.2821],[17.3625,50.2643],[17.358,50.2653],[17.3494,50.2641],[17.3432,50.2748],[17.3438,50.2794],[17.3377,50.2835],[17.3537,50.308],[17.3278,50.3271],[17.2899,50.3175],[17.2643,50.328],[17.2479,50.3318],[17.2421,50.3373],[17.2246,50.3452],[17.2131,50.3575],[17.2011,50.364],[17.1991,50.3751],[17.2033,50.3864],[17.184,50.39],[17.1108,50.405],[16.974,50.4178],[16.9461,50.434],[16.9219,50.4405],[16.9176,50.4446],[16.9079,50.4495],[16.8985,50.4477],[16.8932,50.4434],[16.8867,50.4442],[16.8812,50.4424],[16.8807,50.4362],[16.8692,50.4225],[16.8696,50.4171],[16.8608,50.4115],[16.8603,50.4078],[16.8638,50.4089],[16.8722,50.4029],[16.8902,50.3967],[16.899,50.3896],[16.9071,50.3913],[16.9194,50.3602],[16.9298,50.3458],[16.9375,50.3422],[16.9344,50.3299],[16.9407,50.3198],[16.9461,50.3154],[16.9559,50.3122],[16.961,50.3126],[16.962,50.3142],[16.9683,50.3159],[16.9735,50.3082],[16.9934,50.3024],[17.0006,50.3031],[17.0026,50.3021],[17.009,50.2953],[17.02,50.2783],[17.0166,50.2673],[17.0099,50.2603],[17.0016,50.2564],[17.0033,50.253],[17.0108,50.2492],[17.0115,50.2414],[17.0153,50.2404],[17.0283,50.23],[17.0145,50.2193],[16.9985,50.2159],[16.9922,50.2268],[16.9821,50.2338],[16.9804,50.2416],[16.9759,50.2448],[16.9628,50.2387],[16.9611,50.2353],[16.9658,50.2298],[16.9584,50.2261],[16.9564,50.2227],[16.9498,50.2213],[16.9448,50.223],[16.9288,50.2228],[16.9235,50.2255],[16.9174,50.2262],[16.9048,50.223],[16.8981,50.2186],[16.8888,50.2163],[16.885,50.2131],[16.8628,50.1982],[16.8645,50.1974],[16.8634,50.1931],[16.8673,50.189],[16.8659,50.177],[16.8483,50.1651],[16.8258,50.1147],[16.8243,50.0855],[16.7983,50.0693],[16.8187,50.0445],[16.7683,50.0071],[16.712,49.9995],[16.7567,49.92],[16.7361,49.8307],[16.8475,49.7161],[16.8457,49.6806],[16.8038,49.6565],[16.8041,49.5988]]]},"properties":{"countryCode":"CZ","regionCode":"CZ-71","name":"Olomoucký kraj","territoryId":"demo-cz"}},
{"type":"Feature","geometry":{"type":"Polygon","coordinates":[[[17.9168,49.5382],[17.9567,49.5398],[17.9918,49.5047],[18.1259,49.5205],[18.2033,49.489],[18.3012,49.4899],[18.4037,49.3967],[18.4499,49.3935],[18.5479,49.4679],[18.5457,49.5005],[18.6177,49.4951],[18.6778,49.5076],[18.7545,49.4884],[18.8402,49.5149],[18.8372,49.5236],[18.8441,49.5341],[18.8498,49.5344],[18.8574,49.5379],[18.8592,49.5506],[18.8375,49.5692],[18.8332,49.5734],[18.8349,49.5771],[18.8317,49.5841],[18.8391,49.5953],[18.8293,49.5949],[18.8247,49.6002],[18.8231,49.6055],[18.8243,49.6145],[18.8134,49.6398],[18.8063,49.6513],[18.8093,49.6575],[18.8066,49.6657],[18.8101,49.6722],[18.8056,49.678],[18.7939,49.6793],[18.7806,49.6854],[18.7739,49.6828],[18.7668,49.6823],[18.7641,49.6846],[18.7512,49.6769],[18.741,49.6765],[18.7381,49.6808],[18.7298,49.6842],[18.7233,49.6827],[18.7171,49.6835],[18.7179,49.6876],[18.7146,49.6917],[18.7149,49.6961],[18.7092,49.6954],[18.7115,49.6997],[18.7077,49.7023],[18.7096,49.7045],[18.6937,49.7066],[18.6682,49.7034],[18.6669,49.7097],[18.6417,49.7123],[18.6252,49.7224],[18.6289,49.7261],[18.6262,49.7298],[18.6292,49.7471],[18.6257,49.7504],[18.6162,49.7528],[18.6134,49.7551],[18.6145,49.7613],[18.6105,49.7707],[18.6048,49.7748],[18.6026,49.7809],[18.5973,49.7843],[18.6,49.7894],[18.5928,49.7977],[18.5929,49.8017],[18.5853,49.8049],[18.5824,49.8099],[18.5823,49.818],[18.5689,49.8292],[18.5694,49.8344],[18.5896,49.8458],[18.5837,49.8523],[18.589,49.8529],[18.5918,49.856],[18.6039,49.8571],[18.6057,49.8616],[18.5991,49.8663],[18.5904,49.8676],[18.5802,49.8668],[18.5796,49.8694],[18.5696,49.8734],[18.5714,49.876],[18.5657,49.8807],[18.566,49.8831],[18.57,49.8843],[18.5735,49.8879],[18.5709,49.8917],[18.5801,49.9055],[18.5737,49.9078],[18.5757,49.9104],[18.5762,49.9133],[18.5737,49.9212],[18.5597,49.9179],[18.5449,49.9258],[18.5394,49.9257],[18.543,49.9224],[18.5405,49.9198],[18.5399,49.912],[18.5471,49.9091],[18.5385,49.9026],[18.5351,49.902],[18.5344,49.8996],[18.5283,49.8995],[18.5265,49.9011],[18.5237,49.8995],[18.5215,49.9001],[18.522,49.9014],[18.5144,49.903],[18.508,49.9021],[18.4981,49.903],[18.483,49.9108],[18.467,49.9161],[18.4633,49.9223],[18.4455,49.923],[18.4329,49.9282],[18.4308,49.9382],[18.3977,49.9343],[18.377,49.9356],[18.3739,49.9372],[18.3667,49.9372],[18.3374,49.946],[18.2897,49.9287],[18.2817,49.9372],[18.2826,49.9391],[18.2792,49.9401],[18.2818,49.9505],[18.2763,49.9646],[18.2364,49.971],[18.2216,49.9677],[18.2143,49.972],[18.2138,49.9861],[18.2066,49.9979],[18.1932,49.9945],[18.183,50.0004],[18.1731,50.0003],[18.168,49.9985],[18.1681,49.9939],[18.172,49.99],[18.169,49.9864],[18.1538,49.9824],[18.1311,49.9981],[18.117,49.9942],[18.1155,49.9967],[18.1048,50.0009],[18.0947,50.0121],[18.0933,50.015],[18.1032,50.0226],[18.0856,50.032],[18.0894,50.0441],[18.0859,50.046],[18.0774,50.0456],[18.0659,50.0481],[18.0676,50.0531],[18.0638,50.0527],[18.0617,50.0592],[18.0498,50.0584],[18.0461,50.0626],[18.0408,50.063],[18.0336,50.066],[18.0209,50.0609],[18.012,50.0547],[18.0052,50.0535],[18.0066,50.0447],[18.0041,50.039],[18.0088,50.0313],[18.0178,50.0314],[18.0247,50.0388],[18.0444,50.0366],[18.049,50.0274],[18.0463,50.0159],[18.0353,50.011],[18.0075,50.0107],[18.0046,50.0184],[17.9893,50.0135],[17.9833,50.0051],[17.9698,50.0089],[17.9655,50.0082],[17.9619,50.005],[17.954,50.0051],[17.9301,49.9866],[17.9228,49.9788],[17.8685,49.9725],[17.7776,50.0202],[17.7489,50.0788],[17.6109,50.14],[17.5927,50.16],[17.6012,50.1696],[17.6044,50.1709],[17.6197,50.1712],[17.6257,50.1692],[17.6307,50.1735],[17.6369,50.1738],[17.6433,50.1762],[17.6658,50.1778],[17.6794,50.1829],[17.6836,50.1816],[17.7047,50.1849],[17.7585,50.2066],[17.7575,50.2106],[17.76,50.2166],[17.7566,50.2215],[17.765,50.2364],[17.725,50.2568],[17.7259,50.2728],[17.7352,50.2782],[17.7508,50.3006],[17.721,50.3192],[17.7098,50.3235],[17.6869,50.328],[17.689,50.3156],[17.6871,50.3057],[17.6891,50.3019],[17.6508,50.2778],[17.6417,50.2761],[17.6384,50.2737],[17.6173,50.2669],[17.6114,50.266],[17.6054,50.2671],[17.5919,50.279],[17.5632,50.2703],[17.4956,50.2751],[17.4718,50.2692],[17.4687,50.2696],[17.4635,50.2671],[17.4562,50.2697],[17.4571,50.2598],[17.4545,50.2565],[17.4395,50.2516],[17.4297,50.2542],[17.3383,50.1846],[17.2394,50.142],[17.2203,50.1022],[17.2345,50.0639],[17.1675,50.0112],[17.1617,49.9778],[17.2035,49.9494],[17.1487,49.8874],[17.1771,49.85],[17.2507,49.8253],[17.3158,49.8564],[17.3814,49.8486],[17.3846,49.7945],[17.4567,49.8552],[17.5249,49.7904],[17.5861,49.75],[17.654,49.7602],[17.6978,49.7252],[17.6895,49.6769],[17.7728,49.652],[17.9168,49.5382]]]},"properties":{"countryCode":"CZ","regionCode":"CZ-80","name":"Moravskoslezský kraj","territoryId":"demo-cz"}},
{"type":"Feature","geometry":{"type":"Polygon","coordinates":[[[17.6469,48.8543],[17.7033,48.86],[17.7813,48.9253],[17.8853,48.9277],[17.9243,49.02],[18.0245,49.0212],[18.0708,49.0378],[18.1155,49.0901],[18.1067,49.1342],[18.184,49.287],[18.2481,49.2947],[18.3789,49.3305],[18.4156,49.3675],[18.4037,49.3967],[18.3012,49.4899],[18.2033,49.489],[18.1259,49.5205],[17.9918,49.5047],[17.9567,49.5398],[17.9168,49.5382],[17.8866,49.5086],[17.7873,49.4858],[17.7772,49.4485],[17.7338,49.4348],[17.6921,49.4632],[17.6202,49.3968],[17.5159,49.4011],[17.4663,49.3698],[17.3347,49.39],[17.3516,49.3486],[17.2712,49.2943],[17.201,49.2928],[17.1597,49.2751],[17.1357,49.2151],[17.1806,49.1729],[17.1243,49.0743],[17.2135,49.0929],[17.2303,49.0404],[17.3357,49.0156],[17.4343,48.9504],[17.523,48.9568],[17.6021,48.9103],[17.6469,48.8543]]]},"properties":{"countryCode":"CZ","regionCode":"CZ-72","name":"Zlínský kraj","territoryId":"demo-cz"}},
{"type":"Feature","geometry":{"type":"Polygon","coordinates":[[[21.2088,50.3549],[21.2226,50.3109],[21.1838,50.298],[21.1421,50.2377],[21.171,50.2083],[21.14,50.1276],[21.181,50.1178],[21.1514,50.0453],[21.1504,49.9765],[21.1797,49.9283],[21.2847,49.9241],[21.2797,49.8921],[21.2254,49.8837],[21.225,49.8526],[21.337,49.8269],[21.2418,49.7761],[21.3125,49.7478],[21.3487,49.6927],[21.3628,49.6341],[21.3268,49.5922],[21.3803,49.5698],[21.3987,49.4338],[21.433,49.4126],[21.6018,49.4353],[21.6994,49.4185],[21.7634,49.3835],[21.8402,49.3915],[21.9004,49.3541],[21.9628,49.3479],[21.9832,49.3104],[22.034,49.2785],[22.0304,49.2252],[22.2485,49.153],[22.3205,49.1356],[22.3622,49.1445],[22.4125,49.1029],[22.486,49.0889],[22.5845,49.0973],[22.6865,49.0397],[22.7655,49.0535],[22.8337,49.0261],[22.8667,49.0399],[22.8757,49.0966],[22.7391,49.158],[22.7201,49.2212],[22.7396,49.2473],[22.7468,49.3599],[22.6967,49.4951],[22.6408,49.53],[22.8478,49.7101],[22.9706,49.8385],[23.0333,49.8814],[23.213,50.0311],[23.2839,50.099],[23.4294,50.1842],[23.4701,50.2179],[23.5479,50.2518],[23.5199,50.2955],[23.4129,50.3077],[23.4353,50.3432],[23.3176,50.3927],[23.2531,50.3647],[23.1771,50.3917],[23.019,50.2871],[22.8901,50.3015],[22.6853,50.2995],[22.5652,50.3591],[22.507,50.3436],[22.4205,50.4002],[22.4564,50.4522],[22.5455,50.452],[22.5362,50.5722],[22.4653,50.5919],[22.4073,50.5855],[22.3155,50.6195],[22.2465,50.6225],[22.223,50.66],[22.1418,50.6697],[22.2008,50.7524],[22.163,50.7973],[22.052,50.8205],[21.9493,50.7714],[21.8642,50.8022],[21.8254,50.698],[21.7788,50.6588],[21.7226,50.6454],[21.6695,50.605],[21.604,50.5212],[21.5559,50.5207],[21.4424,50.4851],[21.4515,50.4639],[21.2811,50.4084],[21.2088,50.3549]]]},"properties":{"countryCode":"PL","regionCode":"PL-PK","name":"Subcarpathian Voivodeship","territoryId":"demo-pl"}},
{"type":"Feature","geometry":{"type":"Polygon","coordinates":[[[21.613,53.4808],[21.6073,53.4357],[21.684,53.3681],[21.7128,53.3046],[21.649,53.2922],[21.6944,53.1381],[21.7362,53.1092],[21.8088,53.1152],[21.8718,53.059],[21.8769,53.0217],[21.9294,52.9856],[22.0018,52.9723],[22.0288,52.9385],[22.0039,52.8779],[22.038,52.8508],[22.1242,52.8427],[22.2072,52.883],[22.2794,52.8861],[22.3051,52.8394],[22.2511,52.8258],[22.3037,52.748],[22.3344,52.7405],[22.3786,52.7944],[22.4538,52.7882],[22.4351,52.6962],[22.4509,52.6243],[22.4065,52.6101],[22.5267,52.5212],[22.5101,52.4902],[22.5419,52.4242],[22.5783,52.3953],[22.706,52.3923],[22.8495,52.3586],[22.9572,52.3682],[22.9956,52.3319],[23.0381,52.3292],[23.0755,52.2821],[23.1284,52.2878],[23.1783,52.2831],[23.2156,52.3297],[23.3567,52.4689],[23.4666,52.5494],[23.6414,52.6075],[23.7562,52.6145],[23.9386,52.7129],[23.9399,52.8133],[23.9246,52.8307],[23.9165,52.9388],[23.9254,53.0246],[23.8719,53.0841],[23.9158,53.143],[23.8188,53.244],[23.7074,53.4365],[23.6265,53.5966],[23.5861,53.7031],[23.5491,53.7678],[23.5524,53.8408],[23.5283,53.8607],[23.5164,53.9579],[23.4807,53.998],[23.5249,54.0311],[23.5286,54.0658],[23.4859,54.1532],[23.4245,54.1775],[23.3813,54.2289],[23.3375,54.2517],[23.2339,54.2609],[23.2024,54.2886],[23.0922,54.2985],[23.0421,54.316],[23.0477,54.3492],[23.0102,54.3828],[22.8363,54.4065],[22.792,54.3633],[22.768,54.2894],[22.6945,54.2754],[22.6447,54.2878],[22.6107,54.2599],[22.5321,54.2491],[22.4839,54.2028],[22.5471,54.1377],[22.6019,54.1365],[22.6355,54.093],[22.5999,54.0528],[22.6703,54.0293],[22.6965,53.9735],[22.7816,53.9197],[22.779,53.8656],[22.7267,53.8332],[22.6968,53.7616],[22.5141,53.6991],[22.423,53.6815],[22.2391,53.5961],[22.1943,53.5662],[22.0952,53.5323],[21.9339,53.5112],[21.8609,53.459],[21.6867,53.4928],[21.613,53.4808]]]},"properties":{"countryCode":"PL","regionCode":"PL-PD","name":"Podlaskie Voivodeship","territoryId":"demo-pl"}},
{"type":"Feature","geometry":{"type":"Polygon","coordinates":[[[19.0471,52.3328],[19.0315,52.2698],[19.1003,52.2659],[19.0898,52.2067],[19.0202,52.2153],[18.9306,52.1992],[18.9111,52.1328],[18.9498,52.1193],[18.9251,52.0793],[18.8422,52.0801],[18.7866,52.0609],[18.7238,52.0648],[18.7425,51.9371],[18.7678,51.9279],[18.6968,51.8656],[18.6886,51.8224],[18.5948,51.8482],[18.472,51.851],[18.4393,51.8248],[18.4326,51.7652],[18.3556,51.6607],[18.3816,51.651],[18.3607,51.5314],[18.383,51.4772],[18.3263,51.4199],[18.2291,51.4515],[18.1883,51.3867],[18.1492,51.3914],[18.0988,51.3621],[18.0925,51.3255],[18.1267,51.2689],[18.1722,51.263],[18.1637,51.1725],[18.2596,51.1577],[18.3051,51.1353],[18.367,51.1388],[18.4987,51.0996],[18.5537,51.1388],[18.5776,51.0819],[18.673,51.0569],[18.7101,51.0656],[18.8955,51.0666],[18.9168,51.0961],[19.1045,51.0262],[19.1236,50.9996],[19.2065,50.9855],[19.2432,51.0236],[19.3227,51.0462],[19.3292,51.0132],[19.3893,51.0012],[19.4648,50.9273],[19.4863,50.8797],[19.5643,50.9076],[19.6829,50.8452],[19.7471,50.866],[19.848,50.9322],[19.8296,50.9686],[19.8977,51.0283],[20.0177,50.9623],[20.0507,51.017],[20.0455,51.0686],[19.9817,51.0731],[19.9883,51.1395],[20.0258,51.1645],[20.0258,51.2004],[20.1209,51.1907],[20.2517,51.2067],[20.2561,51.2366],[20.3904,51.2722],[20.3645,51.3076],[20.4328,51.3394],[20.4219,51.363],[20.4548,51.4092],[20.5283,51.4631],[20.5199,51.5098],[20.4524,51.5038],[20.468,51.5595],[20.4414,51.5715],[20.391,51.6613],[20.4671,51.6928],[20.5352,51.6687],[20.6206,51.6576],[20.6532,51.6771],[20.6584,51.724],[20.5826,51.748],[20.579,51.7929],[20.6077,51.8161],[20.5708,51.8879],[20.4983,51.8895],[20.4397,51.9435],[20.3538,51.9197],[20.2407,51.951],[20.2717,51.9712],[20.206,52.028],[20.2699,52.0771],[20.252,52.1174],[20.091,52.1526],[20.0621,52.1881],[20.0805,52.233],[20.0421,52.2577],[19.9651,52.2683],[19.9361,52.2997],[19.8855,52.3099],[19.7425,52.2609],[19.6991,52.2785],[19.6346,52.2562],[19.6159,52.2882],[19.5471,52.2943],[19.4631,52.3427],[19.3223,52.3484],[19.2892,52.3927],[19.2092,52.3534],[19.0471,52.3328]]]},"properties":{"countryCode":"PL","regionCode":"PL-LD","name":"Łódź Voivodeship","territoryId":"demo-pl"}},
{"type":"Feature","geometry":{"type":"Polygon","coordinates":[[[14.9742,51.364],[14.9776,51.3418],[14.9923,51.3239],[14.9942,51.3222],[14.9975,51.3204],[15.0029,51.3202],[15.0092,51.3167],[15.0068,51.3107],[15.0127,51.3083],[15.0124,51.3009],[15.0214,51.3008],[15.0295,51.2966],[15.0297,51.2945],[15.0336,51.2938],[15.0417,51.2743],[15.0368,51.2703],[15.0382,51.2667],[15.0362,51.2615],[15.0321,51.2575],[15.0233,51.2504],[14.9931,51.1625],[14.9904,51.1425],[14.9956,51.1363],[14.9968,51.1317],[14.9977,51.1223],[14.9794,51.0772],[14.9539,51.0468],[14.9518,51.0375],[14.9466,51.0316],[14.9453,51.0264],[14.9403,51.0263],[14.9352,51.0203],[14.9393,51.0167],[14.9348,51.0059],[14.929,50.9978],[14.9255,50.9967],[14.9205,50.9977],[14.9173,50.9903],[14.9202,50.9879],[14.9175,50.9739],[14.8965,50.9406],[14.8915,50.9355],[14.8761,50.9319],[14.8679,50.9177],[14.8517,50.9106],[14.8438,50.9009],[14.8212,50.8871],[14.8232,50.8706],[14.8312,50.8729],[14.8406,50.869],[14.847,50.8703],[14.8554,50.8688],[14.8639,50.8706],[14.867,50.8773],[14.873,50.8772],[14.8818,50.875],[14.8973,50.8674],[14.9002,50.876],[14.9017,50.8759],[14.9374,50.8694],[14.9593,50.8619],[15.0019,50.8688],[14.994,50.8918],[14.9992,50.9068],[14.9985,50.9136],[14.9894,50.9216],[15.0143,50.9398],[15.0059,50.9866],[14.9682,50.99],[15.0167,51.022],[15.0354,51.013],[15.0577,51.0225],[15.061,51.0229],[15.0679,51.0211],[15.0757,51.0174],[15.0768,51.0134],[15.0842,51.0136],[15.0854,51.0147],[15.0984,51.0133],[15.1066,51.0104],[15.1063,51.0073],[15.0995,51.0054],[15.0967,51.003],[15.1008,50.9942],[15.1052,50.9914],[15.2372,50.9946],[15.2433,50.9884],[15.2393,50.986],[15.2485,50.9797],[15.2741,50.9795],[15.2739,50.9629],[15.2882,50.958],[15.2922,50.9526],[15.2887,50.9463],[15.2786,50.9419],[15.2697,50.9357],[15.2677,50.9318],[15.2697,50.9255],[15.2668,50.9207],[15.2761,50.9015],[15.2771,50.891],[15.3118,50.8602],[15.3536,50.8515],[15.3603,50.8423],[15.3673,50.838],[15.3722,50.8236],[15.3761,50.8212],[15.3721,50.8192],[15.37,50.8147],[15.3741,50.8118],[15.372,50.8082],[15.3688,50.8054],[15.3662,50.8021],[15.3726,50.7955],[15.3733,50.7848],[15.3699,50.7811],[15.3748,50.7776],[15.3804,50.778],[15.3853,50.7755],[15.394,50.7765],[15.4088,50.7865],[15.4151,50.7928],[15.4209,50.8034],[15.4254,50.8063],[15.4395,50.8091],[15.4502,50.8071],[15.4509,50.8041],[15.4735,50.7968],[15.4805,50.7908],[15.4937,50.7882],[15.511,50.7908],[15.5243,50.777],[15.5457,50.7804],[15.564,50.7761],[15.5788,50.779],[15.6037,50.7763],[15.6164,50.7723],[15.6221,50.7652],[15.6839,50.7526],[15.7057,50.7373],[15.8162,50.7553],[15.8299,50.7245],[15.8461,50.7101],[15.8512,50.708],[15.8634,50.6812],[15.861,50.6744],[15.8851,50.6754],[15.9672,50.6917],[15.9909,50.6834],[16.0045,50.6575],[16.0088,50.6345],[16.0163,50.6334],[16.0218,50.6302],[15.998,50.6226],[15.9864,50.6137],[15.9924,50.6098],[16.0086,50.6047],[16.0109,50.6068],[16.0158,50.6061],[16.0247,50.5987],[16.0426,50.6142],[16.0561,50.6097],[16.0585,50.6131],[16.0574,50.6169],[16.0599,50.6253],[16.0674,50.6396],[16.0839,50.6466],[16.0886,50.6525],[16.0951,50.6531],[16.1006,50.6623],[16.1037,50.6633],[16.1112,50.661],[16.116,50.6603],[16.1265,50.6603],[16.1281,50.6576],[16.1344,50.6561],[16.1394,50.6508],[16.1484,50.6533],[16.1705,50.6453],[16.177,50.6396],[16.1801,50.6336],[16.1791,50.6287],[16.1872,50.6272],[16.2172,50.6332],[16.2204,50.6365],[16.2214,50.6515],[16.2305,50.6682],[16.2349,50.6716],[16.2582,50.6671],[16.2632,50.6683],[16.2689,50.6673],[16.2797,50.6681],[16.3052,50.6592],[16.3137,50.6644],[16.3222,50.6666],[16.334,50.6625],[16.3431,50.6615],[16.4449,50.5796],[16.4046,50.5693],[16.4018,50.5299],[16.3742,50.5165],[16.3605,50.5013],[16.3477,50.4965],[16.3439,50.4958],[16.338,50.4997],[16.3343,50.4998],[16.3329,50.5033],[16.3213,50.5074],[16.3115,50.5061],[16.3094,50.4994],[16.3124,50.4941],[16.3045,50.491],[16.3007,50.4914],[16.2999,50.4855],[16.2941,50.4792],[16.2839,50.4798],[16.2737,50.4825],[16.2685,50.4829],[16.2696,50.4796],[16.2587,50.4802],[16.2557,50.4677],[16.221,50.451],[16.2129,50.4517],[16.2051,50.4487],[16.1988,50.4417],[16.1987,50.4347],[16.1957,50.4321],[16.1984,50.4288],[16.204,50.4296],[16.2099,50.4268],[16.2141,50.4147],[16.2104,50.4114],[16.2145,50.4091],[16.2218,50.4069],[16.2529,50.4056],[16.2509,50.3935],[16.2599,50.3944],[16.2633,50.3934],[16.2674,50.3868],[16.266,50.3816],[16.2679,50.3793],[16.2785,50.3674],[16.2865,50.3675],[16.2917,50.3701],[16.2992,50.3808],[16.3607,50.3796],[16.3992,50.3193],[16.4053,50.3202],[16.411,50.3246],[16.4311,50.3247],[16.4371,50.3205],[16.4381,50.3164],[16.444,50.3131],[16.4481,50.3051],[16.4646,50.2956],[16.4647,50.293],[16.468,50.2903],[16.4668,50.2867],[16.4802,50.277],[16.4818,50.2715],[16.4867,50.2709],[16.4897,50.2644],[16.4938,50.2635],[16.4974,50.2599],[16.5072,50.2596],[16.5228,50.2394],[16.5374,50.239],[16.5433,50.2316],[16.5483,50.2297],[16.5506,50.2233],[16.5573,50.2204],[16.5567,50.2169],[16.5535,50.2149],[16.555,50.2135],[16.5581,50.2136],[16.5585,50.21],[16.5618,50.1632],[16.6413,50.1122],[16.6532,50.1098],[16.6778,50.1038],[16.689,50.0985],[16.7052,50.0964],[16.7198,50.1025],[16.7271,50.1098],[16.7291,50.1169],[16.7338,50.1202],[16.745,50.1347],[16.7509,50.1353],[16.7554,50.1339],[16.7817,50.1444],[16.7835,50.1466],[16.7816,50.1514],[16.7863,50.1532],[16.7945,50.1613],[16.8005,50.1801],[16.81,50.1894],[16.8163,50.1921],[16.8228,50.1887],[16.8259,50.1946],[16.8357,50.1976],[16.8352,50.2024],[16.8473,50.2074],[16.8614,50.2013],[16.8628,50.1982],[16.8754,50.1976],[16.885,50.2131],[16.8981,50.2186],[16.8986,50.2227],[16.9182,50.2262],[16.9292,50.2228],[16.9354,50.2237],[16.9498,50.2213],[16.9556,50.2224],[16.9583,50.226],[16.9659,50.2298],[16.9612,50.2353],[16.9629,50.2388],[16.9761,50.2449],[16.9802,50.242],[16.9821,50.2338],[16.998,50.2161],[17.0143,50.2191],[17.0211,50.2263],[17.0283,50.23],[17.0154,50.2404],[17.0114,50.2484],[17.0033,50.2531],[17.0016,50.2563],[17.01,50.2603],[17.0168,50.2677],[17.02,50.2783],[17.009,50.2952],[17.0037,50.2963],[17.0025,50.3022],[16.993,50.3024],[16.9739,50.308],[16.9684,50.3158],[16.962,50.3142],[16.961,50.3126],[16.9559,50.3122],[16.9344,50.3299],[16.9375,50.3422],[16.9298,50.3458],[16.9193,50.3602],[16.9071,50.3913],[16.899,50.3896],[16.8903,50.3967],[16.8718,50.4031],[16.8638,50.4089],[16.8603,50.4078],[16.8608,50.4115],[16.8695,50.4172],[16.8691,50.4224],[16.8805,50.436],[16.8811,50.4424],[16.8867,50.4442],[16.8932,50.4434],[16.9079,50.4494],[16.9144,50.4497],[16.9184,50.4529],[16.9406,50.4613],[16.9467,50.4792],[17.0624,50.4761],[17.0613,50.5369],[17.1219,50.6075],[17.236,50.6132],[17.2591,50.6905],[17.2562,50.7746],[17.2859,50.7949],[17.3451,50.7843],[17.3282,50.8506],[17.3843,50.8621],[17.4272,50.9106],[17.4314,50.9671],[17.5016,50.9756],[17.5582,51.0678],[17.5764,51.1294],[17.6206,51.1754],[17.6693,51.1608],[17.7953,51.1941],[17.744,51.243],[17.7626,51.3201],[17.72,51.3861],[17.6683,51.416],[17.5406,51.4213],[17.5146,51.511],[17.5763,51.5396],[17.5558,51.5846],[17.4987,51.6159],[17.3301,51.6479],[17.2155,51.6296],[17.2147,51.5739],[17.1085,51.5761],[17.0071,51.5493],[16.9279,51.5524],[16.8873,51.581],[16.7948,51.5917],[16.7835,51.641],[16.6432,51.6607],[16.6823,51.7079],[16.6479,51.7442],[16.5806,51.7521],[16.5405,51.7815],[16.4162,51.7849],[16.3833,51.7704],[16.3469,51.7089],[16.2381,51.6883],[16.2175,51.7146],[16.16,51.7117],[16.1358,51.7595],[15.966,51.7915],[15.9766,51.7481],[15.8695,51.7197],[15.8343,51.6722],[15.8158,51.6029],[15.7123,51.5465],[15.656,51.4724],[15.5959,51.4696],[15.4877,51.5276],[15.3824,51.5124],[15.3394,51.4741],[15.3152,51.4177],[15.1872,51.464],[15.0954,51.4254],[15.0712,51.397],[15.0179,51.3935],[15.0089,51.3644],[14.9742,51.364]]]},"properties":{"countryCode":"PL","regionCode":"PL-DS","name":"Lower Silesian Voivodeship","territoryId":"demo-pl"}},
{"type":"Feature","geometry":{"type":"Polygon","coordinates":[[[18.1637,51.1725],[18.0394,51.131],[17.8853,51.1038],[17.8192,51.1223],[17.8513,51.172],[17.7953,51.1941],[17.6693,51.1608],[17.6206,51.1754],[17.5764,51.1294],[17.5582,51.0678],[17.5016,50.9756],[17.4314,50.9671],[17.4272,50.9106],[17.3843,50.8621],[17.3282,50.8506],[17.3451,50.7843],[17.2859,50.7949],[17.2562,50.7746],[17.2591,50.6905],[17.236,50.6132],[17.1219,50.6075],[17.0613,50.5369],[17.0624,50.4761],[16.9467,50.4792],[16.9406,50.4613],[16.9184,50.4529],[16.9144,50.4497],[16.9079,50.4494],[16.9218,50.4405],[16.9461,50.4339],[16.974,50.4178],[17.1108,50.405],[17.1433,50.3804],[17.2033,50.3864],[17.1991,50.3751],[17.2012,50.364],[17.2131,50.3575],[17.2233,50.3462],[17.2421,50.3373],[17.2473,50.3321],[17.2644,50.328],[17.2899,50.3175],[17.3377,50.2835],[17.3439,50.2792],[17.3432,50.2748],[17.3464,50.2674],[17.3503,50.2638],[17.358,50.2653],[17.3625,50.2643],[17.3661,50.2821],[17.3862,50.2829],[17.4008,50.2796],[17.4069,50.2739],[17.4207,50.2774],[17.4312,50.2631],[17.4277,50.2586],[17.4297,50.2542],[17.4382,50.2517],[17.4549,50.2568],[17.4572,50.2603],[17.4562,50.2697],[17.4635,50.2671],[17.4687,50.2696],[17.4718,50.2692],[17.4956,50.2751],[17.6118,50.2659],[17.6382,50.2736],[17.6416,50.2761],[17.6507,50.2777],[17.6572,50.2845],[17.6685,50.2912],[17.6891,50.3019],[17.6871,50.3058],[17.689,50.3156],[17.687,50.328],[17.719,50.3203],[17.7225,50.3177],[17.7289,50.3033],[17.7445,50.3004],[17.743,50.2913],[17.7347,50.2775],[17.7259,50.2729],[17.725,50.2567],[17.7651,50.2364],[17.7585,50.2066],[17.7487,50.2055],[17.7419,50.2021],[17.7244,50.2066],[17.7048,50.185],[17.6837,50.1816],[17.6794,50.1828],[17.6657,50.1778],[17.6435,50.1762],[17.637,50.1737],[17.6312,50.1736],[17.6257,50.1692],[17.6197,50.1712],[17.6045,50.1709],[17.6012,50.1696],[17.5927,50.16],[17.6109,50.14],[17.7489,50.0788],[17.7778,50.0202],[17.8685,49.9725],[17.9228,49.9788],[17.9301,49.9867],[17.954,50.005],[17.9619,50.005],[17.9657,50.0083],[17.9696,50.0089],[17.9835,50.0051],[17.9892,50.0135],[18.0047,50.0184],[18.0075,50.0108],[18.0351,50.011],[18.0463,50.0159],[18.0429,50.022],[18.049,50.0274],[18.0444,50.0366],[18.0247,50.0388],[18.0178,50.0314],[18.0088,50.0313],[18.0041,50.039],[18.0051,50.0535],[18.012,50.0547],[18.0208,50.0609],[18.035,50.0658],[18.0726,50.1094],[18.0641,50.1678],[18.1336,50.1844],[18.249,50.1926],[18.2528,50.2231],[18.4059,50.2547],[18.409,50.3172],[18.3728,50.3611],[18.3963,50.389],[18.3796,50.4817],[18.44,50.4807],[18.437,50.5459],[18.5569,50.5398],[18.6054,50.5527],[18.5873,50.6138],[18.5175,50.6255],[18.4839,50.7083],[18.5483,50.732],[18.5219,50.8024],[18.6163,50.8535],[18.655,50.9166],[18.6124,50.9551],[18.6636,50.9705],[18.6955,51.0158],[18.673,51.0569],[18.5776,51.0819],[18.5537,51.1388],[18.4987,51.0996],[18.367,51.1388],[18.3051,51.1353],[18.2596,51.1577],[18.1637,51.1725]]]},"properties":{"countryCode":"PL","regionCode":"PL-OP","name":"Opole Voivodeship","territoryId":"demo-pl"}},
{"type":"Feature","geometry":{"type":"Polygon","coordinates":[[[21.8642,50.8022],[21.8129,50.9345],[21.8264,51.047],[21.803,51.0721],[21.7606,51.0428],[21.7053,51.0427],[21.6762,51.078],[21.5901,51.0578],[21.5291,51.059],[21.4636,51.0131],[21.3818,51.0406],[21.3555,51.0853],[21.1527,51.0803],[21.154,51.1255],[21.0912,51.1551],[21.0008,51.1596],[20.9207,51.1953],[20.8798,51.1544],[20.813,51.1458],[20.7184,51.1727],[20.7003,51.196],[20.6072,51.2436],[20.5437,51.2312],[20.5016,51.2869],[20.508,51.3306],[20.4328,51.3394],[20.3645,51.3076],[20.3904,51.2722],[20.2561,51.2366],[20.2517,51.2067],[20.1209,51.1907],[20.0258,51.2004],[20.0258,51.1645],[19.9883,51.1395],[19.9817,51.0731],[20.0455,51.0686],[20.0507,51.017],[20.0177,50.9623],[19.8977,51.0283],[19.8296,50.9686],[19.848,50.9322],[19.7471,50.866],[19.8194,50.8386],[19.7955,50.7838],[19.7195,50.733],[19.8108,50.7254],[19.873,50.683],[19.8788,50.6464],[19.8427,50.5918],[19.8405,50.5546],[19.9012,50.5397],[19.95,50.5048],[19.9875,50.5198],[20.1056,50.486],[20.2054,50.4957],[20.2714,50.4595],[20.266,50.427],[20.3209,50.3845],[20.3308,50.2675],[20.3676,50.2487],[20.4155,50.1912],[20.4774,50.1993],[20.6815,50.2059],[20.7899,50.2896],[20.8276,50.2751],[20.8953,50.3066],[21.0487,50.3151],[21.132,50.3543],[21.2088,50.3549],[21.2811,50.4084],[21.4515,50.4639],[21.4424,50.4851],[21.5559,50.5207],[21.604,50.5212],[21.6695,50.605],[21.7226,50.6454],[21.7788,50.6588],[21.8254,50.698],[21.8642,50.8022]]]},"properties":{"countryCode":"PL","regionCode":"PL-SK","name":"Świętokrzyskie Voivodeship","territoryId":"demo-pl"}},
{"type":"Feature","geometry":{"type":"Polygon","coordinates":[[[21.613,53.4808],[21.4326,53.4628],[21.4236,53.4295],[21.2814,53.4267],[21.1758,53.3936],[21.0558,53.3346],[20.9917,53.3614],[20.8511,53.3016],[20.7518,53.3129],[20.6924,53.3026],[20.6573,53.2515],[20.5621,53.2265],[20.4585,53.2467],[20.3701,53.1773],[20.2903,53.1391],[20.1041,53.1681],[19.9782,53.1439],[19.9074,53.177],[19.8254,53.1733],[19.7616,53.1518],[19.712,53.1347],[19.647,53.0873],[19.6458,53.0543],[19.6831,53.0217],[19.6713,52.9556],[19.6121,52.9769],[19.5289,52.9364],[19.4448,52.9385],[19.5087,52.8679],[19.4245,52.8278],[19.5189,52.7477],[19.447,52.7061],[19.403,52.6445],[19.4261,52.6114],[19.3515,52.535],[19.3848,52.5195],[19.2963,52.4243],[19.2892,52.3927],[19.3223,52.3484],[19.4631,52.3427],[19.5471,52.2943],[19.6159,52.2882],[19.6346,52.2562],[19.6991,52.2785],[19.7425,52.2609],[19.8855,52.3099],[19.9361,52.2997],[19.9651,52.2683],[20.0421,52.2577],[20.0805,52.233],[20.0621,52.1881],[20.091,52.1526],[20.252,52.1174],[20.2699,52.0771],[20.206,52.028],[20.2717,51.9712],[20.2407,51.951],[20.3538,51.9197],[20.4397,51.9435],[20.4983,51.8895],[20.5708,51.8879],[20.6077,51.8161],[20.579,51.7929],[20.5826,51.748],[20.6584,51.724],[20.6532,51.6771],[20.6206,51.6576],[20.5352,51.6687],[20.4671,51.6928],[20.391,51.6613],[20.4414,51.5715],[20.468,51.5595],[20.4524,51.5038],[20.5199,51.5098],[20.5283,51.4631],[20.4548,51.4092],[20.4219,51.363],[20.4328,51.3394],[20.508,51.3306],[20.5016,51.2869],[20.5437,51.2312],[20.6072,51.2436],[20.7003,51.196],[20.7184,51.1727],[20.813,51.1458],[20.8798,51.1544],[20.9207,51.1953],[21.0008,51.1596],[21.0912,51.1551],[21.154,51.1255],[21.1527,51.0803],[21.3555,51.0853],[21.3818,51.0406],[21.4636,51.0131],[21.5291,51.059],[21.5901,51.0578],[21.6762,51.078],[21.7053,51.0427],[21.7606,51.0428],[21.803,51.0721],[21.7885,51.2015],[21.8305,51.2668],[21.8234,51.3034],[21.848,51.365],[21.7898,51.3949],[21.841,51.4214],[21.8732,51.4749],[21.8174,51.5642],[21.755,51.5605],[21.6575,51.5811],[21.639,51.6569],[21.7134,51.6356],[21.8387,51.6522],[21.8778,51.6766],[21.8737,51.7287],[21.8353,51.7445],[21.9529,51.7956],[21.9422,51.826],[21.8453,51.8412],[21.9129,51.8865],[21.8664,51.9434],[21.8803,51.971],[22.0512,52.0205],[22.1386,52.0068],[22.1519,52.0284],[22.2536,52.0045],[22.2856,52.0193],[22.3444,51.996],[22.456,52.0296],[22.4833,52.0672],[22.5728,52.0381],[22.6614,52.0366],[22.6688,52.1053],[22.7541,52.0949],[22.7898,52.0689],[22.9023,52.0636],[22.9026,52.1102],[22.9331,52.1365],[23.0292,52.174],[23.0313,52.2165],[23.1284,52.2878],[23.0755,52.2821],[23.0381,52.3292],[22.9956,52.3319],[22.9572,52.3682],[22.8495,52.3586],[22.706,52.3923],[22.5783,52.3953],[22.5419,52.4242],[22.5101,52.4902],[22.5267,52.5212],[22.4065,52.6101],[22.4509,52.6243],[22.4351,52.6962],[22.4538,52.7882],[22.3786,52.7944],[22.3344,52.7405],[22.3037,52.748],[22.2511,52.8258],[22.3051,52.8394],[22.2794,52.8861],[22.2072,52.883],[22.1242,52.8427],[22.038,52.8508],[22.0039,52.8779],[22.0288,52.9385],[22.0018,52.9723],[21.9294,52.9856],[21.8769,53.0217],[21.8718,53.059],[21.8088,53.1152],[21.7362,53.1092],[21.6944,53.1381],[21.649,53.2922],[21.7128,53.3046],[21.684,53.3681],[21.6073,53.4357],[21.613,53.4808]]]},"properties":{"countryCode":"PL","regionCode":"PL-MZ","name":"Masovian Voivodeship","territoryId":"demo-pl"}},
{"type":"Feature","geometry":{"type":"Polygon","coordinates":[[[19.0471,52.3328],[18.9693,52.3778],[18.9102,52.3783],[18.8356,52.3431],[18.7546,52.3613],[18.6795,52.4007],[18.6502,52.4503],[18.5601,52.4633],[18.4977,52.5023],[18.4635,52.4766],[18.3844,52.4751],[18.3452,52.5217],[18.2755,52.4914],[18.0902,52.5205],[18.0516,52.5472],[17.9004,52.5864],[17.909,52.6081],[17.7856,52.6516],[17.6897,52.6021],[17.614,52.703],[17.4672,52.6804],[17.4893,52.7281],[17.4078,52.7618],[17.4159,52.7838],[17.4982,52.7849],[17.5271,52.8582],[17.5096,52.9178],[17.3948,52.9823],[17.3169,52.974],[17.3016,52.9948],[17.3367,53.0427],[17.3239,53.0783],[17.3609,53.1174],[17.332,53.2178],[17.4092,53.2273],[17.4388,53.2675],[17.3923,53.2909],[17.3407,53.345],[17.2572,53.3634],[17.2947,53.4218],[17.3825,53.4686],[17.3907,53.491],[17.3508,53.4935],[17.2816,53.534],[17.1611,53.5278],[17.0898,53.5427],[17.0123,53.52],[16.9504,53.5573],[16.8943,53.6281],[16.8922,53.6559],[16.84,53.6293],[16.7584,53.6241],[16.7185,53.5437],[16.6417,53.4842],[16.5323,53.4783],[16.4362,53.4606],[16.4753,53.3878],[16.5851,53.3467],[16.6285,53.3476],[16.686,53.3078],[16.5961,53.2297],[16.5586,53.229],[16.5011,53.1727],[16.4552,53.1644],[16.3462,53.1092],[16.3641,53.078],[16.3169,53.0367],[16.2709,53.0492],[16.1251,53.0118],[15.9625,53.0414],[15.9494,52.9985],[15.9788,52.9372],[15.97,52.8538],[15.9044,52.8262],[15.934,52.8039],[15.9455,52.7302],[15.9056,52.7142],[15.7933,52.7069],[15.7845,52.6186],[15.8587,52.5443],[15.8955,52.4466],[15.8436,52.4029],[15.9003,52.3909],[15.8903,52.3109],[15.8525,52.2623],[15.8584,52.169],[15.875,52.1305],[15.8333,52.1111],[15.9244,52.0675],[16.0007,52.0539],[15.9692,52.0026],[16.0606,51.9772],[16.1212,51.9918],[16.1373,51.9544],[16.1064,51.8959],[16.2002,51.872],[16.2869,51.9003],[16.4007,51.8379],[16.4162,51.7849],[16.5405,51.7815],[16.5806,51.7521],[16.6479,51.7442],[16.6823,51.7079],[16.6432,51.6607],[16.7835,51.641],[16.7948,51.5917],[16.8873,51.581],[16.9279,51.5524],[17.0071,51.5493],[17.1085,51.5761],[17.2147,51.5739],[17.2155,51.6296],[17.3301,51.6479],[17.4987,51.6159],[17.5558,51.5846],[17.5763,51.5396],[17.5146,51.511],[17.5406,51.4213],[17.6683,51.416],[17.72,51.3861],[17.7626,51.3201],[17.744,51.243],[17.7953,51.1941],[17.8513,51.172],[17.8192,51.1223],[17.8853,51.1038],[18.0394,51.131],[18.1637,51.1725],[18.1722,51.263],[18.1267,51.2689],[18.0925,51.3255],[18.0988,51.3621],[18.1492,51.3914],[18.1883,51.3867],[18.2291,51.4515],[18.3263,51.4199],[18.383,51.4772],[18.3607,51.5314],[18.3816,51.651],[18.3556,51.6607],[18.4326,51.7652],[18.4393,51.8248],[18.472,51.851],[18.5948,51.8482],[18.6886,51.8224],[18.6968,51.8656],[18.7678,51.9279],[18.7425,51.9371],[18.7238,52.0648],[18.7866,52.0609],[18.8422,52.0801],[18.9251,52.0793],[18.9498,52.1193],[18.9111,52.1328],[18.9306,52.1992],[19.0202,52.2153],[19.0898,52.2067],[19.1003,52.2659],[19.0315,52.2698],[19.0471,52.3328]]]},"properties":{"countryCode":"PL","regionCode":"PL-WP","name":"Greater Poland Voivodeship","territoryId":"demo-pl"}},
{"type":"Feature","geometry":{"type":"Polygon","coordinates":[[[21.2088,50.3549],[21.132,50.3543],[21.0487,50.3151],[20.8953,50.3066],[20.8276,50.2751],[20.7899,50.2896],[20.6815,50.2059],[20.4774,50.1993],[20.4155,50.1912],[20.3676,50.2487],[20.3308,50.2675],[20.3209,50.3845],[20.266,50.427],[20.2714,50.4595],[20.2054,50.4957],[20.1056,50.486],[19.9875,50.5198],[19.95,50.5048],[19.8998,50.4534],[19.8201,50.4345],[19.7019,50.4482],[19.6453,50.4092],[19.5195,50.415],[19.4876,50.397],[19.4839,50.3236],[19.4154,50.3318],[19.3826,50.2735],[19.3401,50.2496],[19.4294,50.2253],[19.3352,50.1885],[19.3546,50.1539],[19.2707,50.1438],[19.2139,50.0739],[19.149,50.0397],[19.1112,49.996],[19.1217,49.9383],[19.1857,49.9184],[19.2026,49.8716],[19.289,49.8506],[19.3168,49.7779],[19.4446,49.7451],[19.3911,49.6972],[19.4778,49.6608],[19.4674,49.6138],[19.5293,49.573],[19.5304,49.5358],[19.5806,49.4612],[19.6486,49.4354],[19.6359,49.4104],[19.7296,49.3917],[19.7906,49.4107],[19.805,49.3228],[19.7631,49.2076],[19.8694,49.1958],[19.9193,49.2358],[20.0086,49.2201],[20.0768,49.1785],[20.1455,49.3175],[20.1955,49.3423],[20.3237,49.3518],[20.3251,49.403],[20.3825,49.391],[20.472,49.4154],[20.5755,49.3761],[20.6113,49.4125],[20.6917,49.4198],[20.8093,49.3594],[20.8655,49.3475],[20.9374,49.2983],[21.0425,49.3649],[21.1041,49.3764],[21.0472,49.4169],[21.124,49.4366],[21.1921,49.401],[21.2775,49.4609],[21.3987,49.4338],[21.3803,49.5698],[21.3268,49.5922],[21.3628,49.6341],[21.3487,49.6927],[21.3125,49.7478],[21.2418,49.7761],[21.337,49.8269],[21.225,49.8526],[21.2254,49.8837],[21.2797,49.8921],[21.2847,49.9241],[21.1797,49.9283],[21.1504,49.9765],[21.1514,50.0453],[21.181,50.1178],[21.14,50.1276],[21.171,50.2083],[21.1421,50.2377],[21.1838,50.298],[21.2226,50.3109],[21.2088,50.3549]]]},"properties":{"countryCode":"PL","regionCode":"PL-MA","name":"Lesser Poland Voivodeship","territoryId":"demo-pl"}},
{"type":"Feature","geometry":{"type":"Polygon","coordinates":[[[16.4162,51.7849],[16.4007,51.8379],[16.2869,51.9003],[16.2002,51.872],[16.1064,51.8959],[16.1373,51.9544],[16.1212,51.9918],[16.0606,51.9772],[15.9692,52.0026],[16.0007,52.0539],[15.9244,52.0675],[15.8333,52.1111],[15.875,52.1305],[15.8584,52.169],[15.8525,52.2623],[15.8903,52.3109],[15.9003,52.3909],[15.8436,52.4029],[15.8955,52.4466],[15.8587,52.5443],[15.7845,52.6186],[15.7933,52.7069],[15.9056,52.7142],[15.9455,52.7302],[15.934,52.8039],[15.9044,52.8262],[15.97,52.8538],[15.9788,52.9372],[15.9494,52.9985],[15.9625,53.0414],[15.9979,53.0864],[15.9795,53.1103],[15.9118,53.1239],[15.8482,53.1153],[15.8115,53.0844],[15.7667,52.9988],[15.6819,52.9972],[15.6334,52.9764],[15.5549,53.0113],[15.3888,52.9716],[15.363,52.944],[15.283,52.946],[15.3221,52.8959],[15.0718,52.8306],[15.041,52.8593],[14.9042,52.8839],[14.8585,52.8289],[14.8654,52.792],[14.8155,52.7744],[14.7916,52.6971],[14.722,52.6326],[14.6382,52.6595],[14.5641,52.6247],[14.5721,52.6218],[14.5816,52.6156],[14.5962,52.6106],[14.6094,52.598],[14.6143,52.5863],[14.639,52.5733],[14.6375,52.5665],[14.6187,52.5572],[14.6038,52.531],[14.6105,52.5188],[14.6123,52.5108],[14.6171,52.5074],[14.6299,52.5032],[14.6353,52.4948],[14.6263,52.4838],[14.6128,52.4768],[14.6088,52.4638],[14.5788,52.4416],[14.5595,52.4391],[14.5481,52.4323],[14.544,52.4255],[14.5346,52.3941],[14.5515,52.3757],[14.5525,52.352],[14.5614,52.3278],[14.5749,52.3226],[14.5777,52.3195],[14.5781,52.3129],[14.5848,52.3063],[14.5834,52.3017],[14.5745,52.2952],[14.577,52.2876],[14.5865,52.2843],[14.5919,52.2754],[14.5987,52.2723],[14.6408,52.2639],[14.6628,52.2618],[14.6743,52.2585],[14.6895,52.2568],[14.7156,52.2361],[14.7084,52.2117],[14.6996,52.2037],[14.6883,52.1979],[14.6858,52.1939],[14.6879,52.1893],[14.7029,52.1785],[14.7056,52.1689],[14.702,52.1631],[14.68,52.1434],[14.6841,52.1256],[14.6818,52.1156],[14.6874,52.1076],[14.7003,52.0981],[14.7412,52.0852],[14.7518,52.0718],[14.7592,52.0657],[14.7454,52.0537],[14.7499,52.043],[14.7484,52.0319],[14.7415,52.0236],[14.7071,51.9796],[14.7049,51.976],[14.7069,51.9736],[14.7072,51.9657],[14.7135,51.9575],[14.719,51.9553],[14.7213,51.9513],[14.7194,51.9419],[14.7126,51.9368],[14.7066,51.9355],[14.7034,51.9309],[14.7055,51.9237],[14.6988,51.9133],[14.691,51.9078],[14.6942,51.9019],[14.6809,51.8952],[14.6749,51.8898],[14.6628,51.8902],[14.6619,51.8871],[14.6548,51.8838],[14.6521,51.8738],[14.6244,51.8582],[14.6111,51.8571],[14.6072,51.852],[14.6084,51.8475],[14.6016,51.8396],[14.5963,51.8422],[14.5904,51.8385],[14.5904,51.8204],[14.5969,51.8175],[14.6012,51.8086],[14.6072,51.8038],[14.6134,51.804],[14.6239,51.8004],[14.6321,51.8016],[14.6455,51.7955],[14.6538,51.7836],[14.6622,51.7586],[14.6641,51.7568],[14.6573,51.7533],[14.66,51.749],[14.6562,51.7412],[14.6613,51.7374],[14.6682,51.7259],[14.6778,51.7226],[14.6806,51.7171],[14.69,51.7088],[14.7012,51.7048],[14.7465,51.6762],[14.7533,51.6278],[14.7627,51.6201],[14.7657,51.6114],[14.7649,51.6074],[14.7604,51.6021],[14.7519,51.5956],[14.7418,51.5928],[14.7307,51.5844],[14.7267,51.5748],[14.7114,51.563],[14.7164,51.5551],[14.7244,51.5536],[14.7297,51.5495],[14.7312,51.5442],[14.7265,51.5396],[14.7358,51.5259],[14.7422,51.5254],[14.7516,51.5218],[14.7607,51.5233],[14.7653,51.5189],[14.7876,51.5171],[14.7963,51.5178],[14.8047,51.5146],[14.8318,51.504],[14.8397,51.4961],[14.8522,51.4894],[14.8722,51.4847],[14.8875,51.4879],[14.8909,51.4848],[14.8979,51.482],[14.9074,51.484],[14.9161,51.4838],[14.9246,51.4805],[14.9272,51.4731],[14.949,51.4713],[14.9563,51.4635],[14.9561,51.4583],[14.966,51.4469],[14.9741,51.4417],[14.9631,51.4079],[14.9682,51.4024],[14.9636,51.398],[14.966,51.3912],[14.9647,51.3869],[14.9693,51.3819],[14.9689,51.3795],[14.9838,51.3738],[14.9775,51.3694],[14.9742,51.364],[15.0089,51.3644],[15.0179,51.3935],[15.0712,51.397],[15.0954,51.4254],[15.1872,51.464],[15.3152,51.4177],[15.3394,51.4741],[15.3824,51.5124],[15.4877,51.5276],[15.5959,51.4696],[15.656,51.4724],[15.7123,51.5465],[15.8158,51.6029],[15.8343,51.6722],[15.8695,51.7197],[15.9766,51.7481],[15.966,51.7915],[16.1358,51.7595],[16.16,51.7117],[16.2175,51.7146],[16.2381,51.6883],[16.3469,51.7089],[16.3833,51.7704],[16.4162,51.7849]]]},"properties":{"countryCode":"PL","regionCode":"PL-LB","name":"Lubusz Voivodeship","territoryId":"demo-pl"}},
{"type":"Feature","geometry":{"type":"Polygon","coordinates":[[[19.2892,52.3927],[19.2963,52.4243],[19.3848,52.5195],[19.3515,52.535],[19.4261,52.6114],[19.403,52.6445],[19.447,52.7061],[19.5189,52.7477],[19.4245,52.8278],[19.5087,52.8679],[19.4448,52.9385],[19.5289,52.9364],[19.6121,52.9769],[19.6713,52.9556],[19.6831,53.0217],[19.6458,53.0543],[19.647,53.0873],[19.712,53.1347],[19.7616,53.1518],[19.7527,53.2126],[19.7001,53.2365],[19.717,53.2809],[19.6901,53.3363],[19.6415,53.3446],[19.5197,53.3305],[19.4846,53.36],[19.4324,53.3629],[19.3829,53.4096],[19.2912,53.3892],[19.2592,53.3965],[19.1997,53.5701],[19.1293,53.5883],[19.0966,53.5967],[18.942,53.5882],[18.7616,53.6049],[18.7394,53.6357],[18.7744,53.6805],[18.6552,53.6936],[18.5534,53.6551],[18.5081,53.6999],[18.3797,53.6885],[18.2638,53.701],[18.2739,53.7318],[18.1518,53.7683],[18.072,53.7811],[18.0469,53.7362],[17.9912,53.7245],[17.9009,53.7479],[17.8985,53.7106],[17.8518,53.688],[17.7669,53.6891],[17.7119,53.6362],[17.7304,53.5929],[17.6507,53.5816],[17.6043,53.5969],[17.5441,53.5803],[17.5102,53.6132],[17.4313,53.5925],[17.3907,53.491],[17.3825,53.4686],[17.2947,53.4218],[17.2572,53.3634],[17.3407,53.345],[17.3923,53.2909],[17.4388,53.2675],[17.4092,53.2273],[17.332,53.2178],[17.3609,53.1174],[17.3239,53.0783],[17.3367,53.0427],[17.3016,52.9948],[17.3169,52.974],[17.3948,52.9823],[17.5096,52.9178],[17.5271,52.8582],[17.4982,52.7849],[17.4159,52.7838],[17.4078,52.7618],[17.4893,52.7281],[17.4672,52.6804],[17.614,52.703],[17.6897,52.6021],[17.7856,52.6516],[17.909,52.6081],[17.9004,52.5864],[18.0516,52.5472],[18.0902,52.5205],[18.2755,52.4914],[18.3452,52.5217],[18.3844,52.4751],[18.4635,52.4766],[18.4977,52.5023],[18.5601,52.4633],[18.6502,52.4503],[18.6795,52.4007],[18.7546,52.3613],[18.8356,52.3431],[18.9102,52.3783],[18.9693,52.3778],[19.0471,52.3328],[19.2092,52.3534],[19.2892,52.3927]]]},"properties":{"countryCode":"PL","regionCode":"PL-KP","name":"Kuyavian-Pomeranian Voivodeship","territoryId":"demo-pl"}},
{"type":"Feature","geometry":{"type":"Polygon","coordinates":[[[17.3907,53.491],[17.4313,53.5925],[17.5102,53.6132],[17.5441,53.5803],[17.6043,53.5969],[17.6507,53.5816],[17.7304,53.5929],[17.7119,53.6362],[17.7669,53.6891],[17.8518,53.688],[17.8985,53.7106],[17.9009,53.7479],[17.9912,53.7245],[18.0469,53.7362],[18.072,53.7811],[18.1518,53.7683],[18.2739,53.7318],[18.2638,53.701],[18.3797,53.6885],[18.5081,53.6999],[18.5534,53.6551],[18.6552,53.6936],[18.7744,53.6805],[18.7394,53.6357],[18.7616,53.6049],[18.942,53.5882],[19.0966,53.5967],[19.1293,53.5883],[19.1304,53.6083],[19.2123,53.6434],[19.2129,53.6914],[19.2917,53.7414],[19.3111,53.8045],[19.3705,53.8142],[19.4542,53.7976],[19.5186,53.8466],[19.5821,53.9396],[19.5556,53.9481],[19.3743,53.9354],[19.3778,53.9848],[19.3199,54.0273],[19.271,54.0176],[19.2554,54.0857],[19.2225,54.1199],[19.247,54.1672],[19.3263,54.2021],[19.2586,54.2816],[19.2344,54.3553],[19.0966,54.3462],[18.9072,54.3465],[18.7272,54.3763],[18.6805,54.4066],[18.6135,54.4183],[18.562,54.4613],[18.5595,54.551],[18.5419,54.5852],[18.4821,54.6304],[18.4659,54.6858],[18.3967,54.7471],[18.427,54.7879],[18.3364,54.8327],[17.9573,54.8301],[17.7632,54.803],[17.6125,54.7743],[17.3814,54.752],[17.242,54.7296],[17.0504,54.6694],[16.9055,54.5956],[16.7684,54.5699],[16.6997,54.57],[16.8411,54.4384],[16.8244,54.4157],[16.814,54.3185],[16.8544,54.3075],[16.8651,54.261],[16.7337,54.2328],[16.7311,54.1782],[16.7762,54.1504],[16.7935,54.1008],[16.8011,53.9995],[16.8741,53.9773],[16.8625,53.9508],[16.9552,53.9069],[16.9763,53.8796],[16.8724,53.8687],[16.9308,53.7773],[16.8577,53.7471],[16.8922,53.6559],[16.8943,53.6281],[16.9504,53.5573],[17.0123,53.52],[17.0898,53.5427],[17.1611,53.5278],[17.2816,53.534],[17.3508,53.4935],[17.3907,53.491]]]},"properties":{"countryCode":"PL","regionCode":"PL-PM","name":"Pomeranian Voivodeship","territoryId":"demo-pl"}},
{"type":"Feature","geometry":{"type":"Polygon","coordinates":[[[16.8922,53.6559],[16.8577,53.7471],[16.9308,53.7773],[16.8724,53.8687],[16.9763,53.8796],[16.9552,53.9069],[16.8625,53.9508],[16.8741,53.9773],[16.8011,53.9995],[16.7935,54.1008],[16.7762,54.1504],[16.7311,54.1782],[16.7337,54.2328],[16.8651,54.261],[16.8544,54.3075],[16.814,54.3185],[16.8244,54.4157],[16.8411,54.4384],[16.6997,54.57],[16.5338,54.5418],[16.4328,54.488],[16.3084,54.3797],[16.2101,54.3182],[16.0557,54.2634],[15.8768,54.2445],[15.663,54.1991],[15.5508,54.1864],[15.4896,54.167],[15.2862,54.1468],[14.923,54.0603],[14.729,54.0234],[14.5037,53.9648],[14.4487,53.9334],[14.3631,53.9115],[14.2267,53.929],[14.2123,53.868],[14.2737,53.8261],[14.4168,53.8462],[14.4169,53.866],[14.5401,53.859],[14.6049,53.8281],[14.6165,53.7725],[14.5675,53.7647],[14.5104,53.6657],[14.4054,53.6799],[14.3312,53.7338],[14.3015,53.743],[14.3039,53.6996],[14.2673,53.6982],[14.2837,53.6826],[14.2812,53.673],[14.2707,53.6667],[14.2791,53.6631],[14.2848,53.6587],[14.2839,53.6344],[14.3111,53.6185],[14.3169,53.6181],[14.3119,53.5797],[14.3139,53.5651],[14.3026,53.5534],[14.3269,53.5038],[14.3507,53.496],[14.3713,53.4564],[14.3719,53.4478],[14.3687,53.4326],[14.3733,53.409],[14.4498,53.2607],[14.4351,53.2483],[14.4305,53.2391],[14.4094,53.2239],[14.4071,53.2128],[14.4044,53.2095],[14.3967,53.2061],[14.3808,53.2033],[14.3762,53.1991],[14.3668,53.1685],[14.3864,53.1407],[14.368,53.0864],[14.35,53.0574],[14.3372,53.0469],[14.3195,53.0391],[14.3006,53.0253],[14.2571,53.002],[14.2329,52.9925],[14.206,52.9862],[14.1728,52.9746],[14.1614,52.9655],[14.1439,52.9611],[14.14,52.9505],[14.1528,52.9006],[14.1608,52.8868],[14.1567,52.8742],[14.1304,52.8529],[14.1236,52.8444],[14.1279,52.8299],[14.1417,52.8241],[14.21,52.8182],[14.2176,52.8163],[14.231,52.8045],[14.2489,52.7922],[14.2803,52.7743],[14.3277,52.7604],[14.3516,52.7507],[14.3613,52.7411],[14.3742,52.7358],[14.3865,52.7229],[14.4009,52.7138],[14.4159,52.6997],[14.4251,52.6947],[14.4327,52.6816],[14.4549,52.6752],[14.4666,52.6606],[14.5127,52.6406],[14.5641,52.6247],[14.6382,52.6595],[14.722,52.6326],[14.7916,52.6971],[14.8155,52.7744],[14.8654,52.792],[14.8585,52.8289],[14.9042,52.8839],[15.041,52.8593],[15.0718,52.8306],[15.3221,52.8959],[15.283,52.946],[15.363,52.944],[15.3888,52.9716],[15.5549,53.0113],[15.6334,52.9764],[15.6819,52.9972],[15.7667,52.9988],[15.8115,53.0844],[15.8482,53.1153],[15.9118,53.1239],[15.9795,53.1103],[15.9979,53.0864],[15.9625,53.0414],[16.1251,53.0118],[16.2709,53.0492],[16.3169,53.0367],[16.3641,53.078],[16.3462,53.1092],[16.4552,53.1644],[16.5011,53.1727],[16.5586,53.229],[16.5961,53.2297],[16.686,53.3078],[16.6285,53.3476],[16.5851,53.3467],[16.4753,53.3878],[16.4362,53.4606],[16.5323,53.4783],[16.6417,53.4842],[16.7185,53.5437],[16.7584,53.6241],[16.84,53.6293],[16.8922,53.6559]]]},"properties":{"countryCode":"PL","regionCode":"PL-ZP","name":"West Pomeranian Voivodeship","territoryId":"demo-pl"}},
{"type":"Feature","geometry":{"type":"Polygon","coordinates":[[[23.5479,50.2518],[23.6388,50.3205],[23.6863,50.3316],[23.7031,50.3753],[23.8034,50.4048],[23.9975,50.4121],[24.0701,50.5034],[24.0987,50.5995],[24.0722,50.7203],[24.0237,50.7251],[24.0113,50.7721],[23.9634,50.7813],[23.9684,50.8194],[24.0069,50.8412],[24.1002,50.8359],[24.0865,50.8891],[24.0499,50.8941],[23.9704,50.9503],[23.9111,51.0746],[23.8759,51.0771],[23.8496,51.124],[23.8605,51.1578],[23.7503,51.2108],[23.7037,51.282],[23.6358,51.3285],[23.6963,51.4079],[23.6494,51.4463],[23.6698,51.483],[23.6201,51.4964],[23.5403,51.6019],[23.5582,51.6653],[23.5309,51.7436],[23.6305,51.7798],[23.6075,51.8429],[23.6437,51.9318],[23.689,51.9919],[23.6531,52.0706],[23.5986,52.1174],[23.543,52.1196],[23.4856,52.1814],[23.4311,52.1728],[23.3659,52.208],[23.2037,52.2266],[23.1783,52.2831],[23.1284,52.2878],[23.0313,52.2165],[23.0292,52.174],[22.9331,52.1365],[22.9026,52.1102],[22.9023,52.0636],[22.7898,52.0689],[22.7541,52.0949],[22.6688,52.1053],[22.6614,52.0366],[22.5728,52.0381],[22.4833,52.0672],[22.456,52.0296],[22.3444,51.996],[22.2856,52.0193],[22.2536,52.0045],[22.1519,52.0284],[22.1386,52.0068],[22.0512,52.0205],[21.8803,51.971],[21.8664,51.9434],[21.9129,51.8865],[21.8453,51.8412],[21.9422,51.826],[21.9529,51.7956],[21.8353,51.7445],[21.8737,51.7287],[21.8778,51.6766],[21.8387,51.6522],[21.7134,51.6356],[21.639,51.6569],[21.6575,51.5811],[21.755,51.5605],[21.8174,51.5642],[21.8732,51.4749],[21.841,51.4214],[21.7898,51.3949],[21.848,51.365],[21.8234,51.3034],[21.8305,51.2668],[21.7885,51.2015],[21.803,51.0721],[21.8264,51.047],[21.8129,50.9345],[21.8642,50.8022],[21.9493,50.7714],[22.052,50.8205],[22.163,50.7973],[22.2008,50.7524],[22.1418,50.6697],[22.223,50.66],[22.2465,50.6225],[22.3155,50.6195],[22.4073,50.5855],[22.4653,50.5919],[22.5362,50.5722],[22.5455,50.452],[22.4564,50.4522],[22.4205,50.4002],[22.507,50.3436],[22.5652,50.3591],[22.6853,50.2995],[22.8901,50.3015],[23.019,50.2871],[23.1771,50.3917],[23.2531,50.3647],[23.3176,50.3927],[23.4353,50.3432],[23.4129,50.3077],[23.5199,50.2955],[23.5479,50.2518]]]},"properties":{"countryCode":"PL","regionCode":"PL-LU","name":"Lublin Voivodeship","territoryId":"demo-pl"}},
{"type":"Feature","geometry":{"type":"Polygon","coordinates":[[[22.792,54.3633],[22.3187,54.3405],[21.4957,54.324],[21.2743,54.3284],[21.0071,54.3536],[20.8184,54.36],[20.4384,54.3879],[20.3324,54.4011],[19.8039,54.4424],[19.7446,54.4297],[19.6857,54.3647],[19.6287,54.3406],[19.497,54.3209],[19.3983,54.2638],[19.2586,54.2816],[19.3263,54.2021],[19.247,54.1672],[19.2225,54.1199],[19.2554,54.0857],[19.271,54.0176],[19.3199,54.0273],[19.3778,53.9848],[19.3743,53.9354],[19.5556,53.9481],[19.5821,53.9396],[19.5186,53.8466],[19.4542,53.7976],[19.3705,53.8142],[19.3111,53.8045],[19.2917,53.7414],[19.2129,53.6914],[19.2123,53.6434],[19.1304,53.6083],[19.1293,53.5883],[19.1997,53.5701],[19.2592,53.3965],[19.2912,53.3892],[19.3829,53.4096],[19.4324,53.3629],[19.4846,53.36],[19.5197,53.3305],[19.6415,53.3446],[19.6901,53.3363],[19.717,53.2809],[19.7001,53.2365],[19.7527,53.2126],[19.7616,53.1518],[19.8254,53.1733],[19.9074,53.177],[19.9782,53.1439],[20.1041,53.1681],[20.2903,53.1391],[20.3701,53.1773],[20.4585,53.2467],[20.5621,53.2265],[20.6573,53.2515],[20.6924,53.3026],[20.7518,53.3129],[20.8511,53.3016],[20.9917,53.3614],[21.0558,53.3346],[21.1758,53.3936],[21.2814,53.4267],[21.4236,53.4295],[21.4326,53.4628],[21.613,53.4808],[21.6867,53.4928],[21.8609,53.459],[21.9339,53.5112],[22.0952,53.5323],[22.1943,53.5662],[22.2391,53.5961],[22.423,53.6815],[22.5141,53.6991],[22.6968,53.7616],[22.7267,53.8332],[22.779,53.8656],[22.7816,53.9197],[22.6965,53.9735],[22.6703,54.0293],[22.5999,54.0528],[22.6355,54.093],[22.6019,54.1365],[22.5471,54.1377],[22.4839,54.2028],[22.5321,54.2491],[22.6107,54.2599],[22.6447,54.2878],[22.6945,54.2754],[22.768,54.2894],[22.792,54.3633]]]},"properties":{"countryCode":"PL","regionCode":"PL-WN","name":"Warmian-Masurian Voivodeship","territoryId":"demo-pl"}},
{"type":"Feature","geometry":{"type":"Polygon","coordinates":[[[18.673,51.0569],[18.6955,51.0158],[18.6636,50.9705],[18.6124,50.9551],[18.655,50.9166],[18.6163,50.8535],[18.5219,50.8024],[18.5483,50.732],[18.4839,50.7083],[18.5175,50.6255],[18.5873,50.6138],[18.6054,50.5527],[18.5569,50.5398],[18.437,50.5459],[18.44,50.4807],[18.3796,50.4817],[18.3963,50.389],[18.3728,50.3611],[18.409,50.3172],[18.4059,50.2547],[18.2528,50.2231],[18.249,50.1926],[18.1336,50.1844],[18.0641,50.1678],[18.0726,50.1094],[18.035,50.0658],[18.0409,50.0629],[18.046,50.0626],[18.0497,50.0583],[18.0617,50.0592],[18.0638,50.0527],[18.0676,50.0531],[18.0662,50.0481],[18.0775,50.0456],[18.0858,50.046],[18.0893,50.0441],[18.0858,50.0318],[18.1031,50.0226],[18.0933,50.015],[18.0948,50.0119],[18.1046,50.001],[18.1154,49.9967],[18.1159,49.9947],[18.1209,49.9945],[18.1311,49.9981],[18.1539,49.9823],[18.169,49.9865],[18.172,49.99],[18.1681,49.9938],[18.1679,49.9985],[18.1738,49.9986],[18.1731,50.0002],[18.183,50.0004],[18.1932,49.9945],[18.2066,49.9979],[18.2138,49.9861],[18.2143,49.972],[18.2359,49.9711],[18.2762,49.9647],[18.2818,49.9502],[18.2792,49.9401],[18.2827,49.9391],[18.2817,49.9372],[18.2897,49.9287],[18.3373,49.9461],[18.3562,49.9441],[18.3598,49.9408],[18.3642,49.9404],[18.367,49.9372],[18.3768,49.9356],[18.3977,49.9342],[18.4307,49.9382],[18.4329,49.9282],[18.4629,49.9225],[18.4671,49.9161],[18.4831,49.9108],[18.4982,49.903],[18.5013,49.9033],[18.5047,49.9035],[18.5054,49.9031],[18.5193,49.9024],[18.5237,49.8995],[18.5265,49.9011],[18.5283,49.8996],[18.5292,49.9011],[18.53,49.8997],[18.5344,49.8996],[18.535,49.902],[18.5385,49.9026],[18.5471,49.9092],[18.5399,49.9121],[18.5405,49.9198],[18.543,49.9224],[18.5394,49.9257],[18.5448,49.9259],[18.5717,49.9216],[18.5738,49.9211],[18.5761,49.9133],[18.5757,49.9104],[18.5737,49.9078],[18.5801,49.9055],[18.5709,49.8917],[18.5738,49.8895],[18.573,49.8871],[18.566,49.8831],[18.5657,49.8807],[18.5714,49.876],[18.5696,49.8735],[18.5796,49.8693],[18.5803,49.8668],[18.5903,49.8676],[18.6,49.8662],[18.6057,49.8616],[18.6039,49.8571],[18.5918,49.856],[18.5889,49.8529],[18.5837,49.8523],[18.5897,49.8459],[18.583,49.8409],[18.5695,49.8344],[18.5688,49.8294],[18.5705,49.8266],[18.5757,49.8243],[18.577,49.8208],[18.5824,49.8179],[18.5853,49.8049],[18.5929,49.8017],[18.5926,49.7975],[18.5999,49.7893],[18.5972,49.7844],[18.6046,49.7749],[18.6105,49.7707],[18.6143,49.7619],[18.6133,49.755],[18.6154,49.753],[18.6255,49.7505],[18.6292,49.7469],[18.6417,49.7123],[18.6669,49.7097],[18.6682,49.7034],[18.6937,49.7066],[18.7096,49.7045],[18.7076,49.7023],[18.7115,49.6997],[18.7092,49.6955],[18.7152,49.6954],[18.7146,49.6917],[18.7179,49.6871],[18.7171,49.6835],[18.7298,49.6842],[18.7382,49.6808],[18.74,49.6769],[18.7513,49.6769],[18.764,49.6847],[18.767,49.6823],[18.7806,49.6854],[18.7938,49.6794],[18.8046,49.6789],[18.8102,49.6726],[18.8066,49.6657],[18.8094,49.6573],[18.8064,49.6512],[18.8134,49.64],[18.8243,49.6145],[18.8231,49.6056],[18.8247,49.6001],[18.8293,49.5949],[18.8391,49.5953],[18.8317,49.5841],[18.8349,49.577],[18.8332,49.5734],[18.8374,49.5692],[18.8592,49.5506],[18.8573,49.5378],[18.8372,49.5236],[18.8509,49.5171],[18.8668,49.5194],[18.8972,49.5144],[18.9466,49.5174],[18.9733,49.4968],[18.9608,49.4547],[19.0259,49.394],[19.0539,49.4152],[19.1073,49.4037],[19.1974,49.4146],[19.2333,49.5105],[19.2815,49.5353],[19.3623,49.5361],[19.3714,49.5674],[19.4674,49.6138],[19.4778,49.6608],[19.3911,49.6972],[19.4446,49.7451],[19.3168,49.7779],[19.289,49.8506],[19.2026,49.8716],[19.1857,49.9184],[19.1217,49.9383],[19.1112,49.996],[19.149,50.0397],[19.2139,50.0739],[19.2707,50.1438],[19.3546,50.1539],[19.3352,50.1885],[19.4294,50.2253],[19.3401,50.2496],[19.3826,50.2735],[19.4154,50.3318],[19.4839,50.3236],[19.4876,50.397],[19.5195,50.415],[19.6453,50.4092],[19.7019,50.4482],[19.8201,50.4345],[19.8998,50.4534],[19.95,50.5048],[19.9012,50.5397],[19.8405,50.5546],[19.8427,50.5918],[19.8788,50.6464],[19.873,50.683],[19.8108,50.7254],[19.7195,50.733],[19.7955,50.7838],[19.8194,50.8386],[19.7471,50.866],[19.6829,50.8452],[19.5643,50.9076],[19.4863,50.8797],[19.4648,50.9273],[19.3893,51.0012],[19.3292,51.0132],[19.3227,51.0462],[19.2432,51.0236],[19.2065,50.9855],[19.1236,50.9996],[19.1045,51.0262],[18.9168,51.0961],[18.8955,51.0666],[18.7101,51.0656],[18.673,51.0569]]]},"properties":{"countryCode":"PL","regionCode":"PL-SL","name":"Silesian Voivodeship","territoryId":"demo-pl"}},
{"type":"Feature","geometry":{"type":"MultiPolygon","coordinates":[[[[9.7303,53.558],[9.7163,53.5585],[9.7301,53.5576],[9.7303,53.558]]],[[[8.7068,54.5487],[8.5885,54.5299],[8.6289,54.4888],[8.6791,54.5],[8.7068,54.5487]]],[[[8.5633,54.7524],[8.4273,54.7462],[8.3965,54.7042],[8.4849,54.6803],[8.5665,54.68],[8.5887,54.741],[8.5633,54.7524]]],[[[11.0862,54.5306],[11.0103,54.4826],[11.0044,54.4508],[11.097,54.4433],[11.0951,54.4095],[11.255,54.4113],[11.2981,54.4308],[11.2411,54.4952],[11.1655,54.5225],[11.0862,54.5306]]],[[[10.9037,53.9568],[10.8558,53.9941],[10.7996,53.9926],[10.7518,54.0371],[10.8239,54.089],[10.8911,54.0944],[10.9551,54.1411],[11.0938,54.1991],[11.0719,54.3422],[11.0282,54.3681],[10.9518,54.3845],[10.8728,54.3588],[10.7872,54.3113],[10.6841,54.3106],[10.6393,54.3475],[10.4712,54.3933],[10.388,54.4264],[10.3021,54.4332],[10.2341,54.4157],[10.135,54.484],[10.011,54.4737],[9.8661,54.4481],[9.8798,54.4759],[9.9613,54.5013],[10.0269,54.5509],[10.0325,54.6603],[9.9572,54.7799],[9.9061,54.7973],[9.8737,54.7522],[9.7909,54.798],[9.6229,54.8319],[9.5719,54.8571],[9.4991,54.8233],[9.4273,54.8163],[9.3827,54.8392],[9.3421,54.8036],[9.2699,54.8122],[9.2401,54.85],[9.1551,54.8707],[9.0482,54.8719],[8.9479,54.9026],[8.799,54.9046],[8.728,54.8927],[8.6869,54.9088],[8.6292,54.8917],[8.4349,54.8764],[8.3621,54.9102],[8.3819,55.0357],[8.2979,54.9107],[8.2878,54.8767],[8.4115,54.8473],[8.5139,54.8819],[8.6034,54.8857],[8.6072,54.8432],[8.6774,54.7931],[8.7562,54.6791],[8.8278,54.6498],[8.893,54.5968],[8.8771,54.5385],[8.8126,54.5036],[8.8074,54.4699],[8.8946,54.4595],[8.9455,54.5124],[9.0125,54.4844],[8.9114,54.4177],[8.6464,54.3925],[8.6925,54.3569],[8.6032,54.3133],[8.6823,54.269],[8.7384,54.2938],[8.836,54.2852],[8.8388,54.2181],[8.811,54.1894],[8.8271,54.1436],[8.9295,54.1287],[8.9851,54.061],[8.9262,54.0288],[8.8469,54.0216],[8.9176,53.9258],[8.9775,53.8912],[9.2195,53.8886],[9.3012,53.8697],[9.3794,53.8306],[9.4282,53.7531],[9.5211,53.7125],[9.5524,53.6699],[9.5555,53.6207],[9.6736,53.5717],[9.7344,53.5652],[9.7867,53.6116],[9.8367,53.5875],[9.9148,53.6549],[9.9905,53.6509],[9.9987,53.6815],[10.0693,53.6795],[10.1172,53.7152],[10.1954,53.655],[10.1958,53.5847],[10.1526,53.5779],[10.1646,53.5199],[10.2186,53.4991],[10.308,53.4332],[10.3759,53.4247],[10.5022,53.3735],[10.595,53.3639],[10.6349,53.456],[10.693,53.4551],[10.7778,53.4952],[10.8626,53.5646],[10.9111,53.5726],[10.9547,53.6586],[10.9232,53.6983],[10.824,53.7113],[10.7583,53.7643],[10.7723,53.7972],[10.7477,53.8515],[10.7728,53.8741],[10.8945,53.9254],[10.9037,53.9568]]]]},"properties":{"countryCode":"DE","regionCode":"DE-01","name":"Schleswig-Holstein","territoryId":"north"}},
{"type":"Feature","geometry":{"type":"MultiPolygon","coordinates":[[[[9.732,53.5575],[9.7303,53.558],[9.7301,53.5576],[9.732,53.5575]]],[[[10.308,53.4332],[10.2186,53.4991],[10.1646,53.5199],[10.1526,53.5779],[10.1958,53.5847],[10.1954,53.655],[10.1172,53.7152],[10.0693,53.6795],[9.9987,53.6815],[9.9905,53.6509],[9.9148,53.6549],[9.8367,53.5875],[9.7867,53.6116],[9.7344,53.5652],[9.8263,53.5526],[9.8076,53.5308],[9.7721,53.5434],[9.764,53.5079],[9.8565,53.435],[9.8959,53.4574],[9.9844,53.4154],[10.0518,53.4639],[10.1656,53.3994],[10.2238,53.3953],[10.308,53.4332]]]]},"properties":{"countryCode":"DE","regionCode":"DE-02","name":"Hamburg","territoryId":"north"}},
{"type":"Feature","geometry":{"type":"MultiPolygon","coordinates":[[[[9.7163,53.5585],[9.7742,53.5536],[9.7403,53.5569],[9.732,53.5575],[9.7301,53.5576],[9.7163,53.5585]]],[[[7.3439,53.7255],[7.1904,53.7231],[7.1914,53.6993],[7.3253,53.7126],[7.3439,53.7255]]],[[[6.7847,53.6126],[6.6565,53.6079],[6.6974,53.5654],[6.7847,53.6126]]],[[[9.7721,53.5434],[9.6852,53.5478],[9.5374,53.6153],[9.4956,53.6746],[9.4175,53.7252],[9.3262,53.826],[9.2746,53.8576],[9.1696,53.8667],[9.0889,53.8621],[9.0146,53.8364],[8.9062,53.8288],[8.7749,53.8374],[8.6693,53.8917],[8.6149,53.8821],[8.542,53.8071],[8.4834,53.6948],[8.484,53.6559],[8.5204,53.6062],[8.591,53.5944],[8.6441,53.5492],[8.6506,53.5108],[8.6059,53.4842],[8.5527,53.5162],[8.5483,53.5389],[8.3839,53.5749],[8.3116,53.6163],[8.243,53.5824],[8.2308,53.5208],[8.3169,53.5146],[8.3146,53.4565],[8.2508,53.3986],[8.2108,53.4015],[8.147,53.4501],[8.0977,53.4461],[8.0623,53.5057],[8.1535,53.5134],[8.1687,53.5447],[8.0886,53.6409],[8.0447,53.6414],[8.0121,53.7117],[7.9133,53.7178],[7.6849,53.7008],[7.5247,53.6721],[7.4866,53.6821],[7.311,53.6823],[7.1826,53.6409],[7.0871,53.5715],[7.0247,53.4838],[6.9994,53.3599],[7.0287,53.3363],[7.2578,53.3297],[7.2089,53.2431],[7.2176,53.199],[7.1789,53.1381],[7.2028,53.1133],[7.2128,53.011],[7.1816,52.9413],[7.1047,52.8642],[7.072,52.8109],[7.0547,52.6444],[6.8982,52.6511],[6.742,52.6453],[6.6977,52.4863],[6.7746,52.4596],[6.8543,52.4596],[6.9417,52.4355],[6.994,52.4655],[7.0722,52.3523],[7.0267,52.2922],[7.0659,52.2413],[7.1532,52.2665],[7.2979,52.264],[7.5299,52.3699],[7.5704,52.3786],[7.571,52.4323],[7.6042,52.4751],[7.6835,52.4566],[7.7138,52.401],[7.8071,52.3714],[7.8918,52.3805],[7.9486,52.3351],[7.8998,52.2068],[7.9388,52.1761],[8.002,52.16],[8.0078,52.1153],[7.8883,52.0856],[7.9169,52.0516],[7.9798,52.0364],[8.0308,52.0679],[8.1035,52.0611],[8.1925,52.0726],[8.2459,52.1214],[8.2862,52.1321],[8.3637,52.1184],[8.4925,52.1665],[8.4563,52.1981],[8.4693,52.3134],[8.4394,52.3627],[8.3136,52.406],[8.2974,52.4545],[8.4288,52.448],[8.4603,52.4903],[8.5088,52.5147],[8.5569,52.4991],[8.6524,52.5314],[8.6987,52.5088],[8.7109,52.4082],[8.8551,52.3892],[8.9325,52.4012],[9.0542,52.5002],[9.1256,52.4683],[9.1238,52.4215],[9.0837,52.3548],[8.9983,52.3262],[8.9788,52.2615],[9.0765,52.2338],[9.0162,52.1692],[9.107,52.1324],[9.1447,52.1349],[9.1766,52.0857],[9.1974,52.0117],[9.1882,51.9647],[9.2617,51.9768],[9.2721,51.9323],[9.3408,51.908],[9.3629,51.8649],[9.4417,51.8305],[9.4366,51.7893],[9.3754,51.7436],[9.4004,51.7055],[9.3863,51.646],[9.4405,51.6504],[9.4965,51.631],[9.6096,51.6296],[9.6478,51.5525],[9.6152,51.5468],[9.6097,51.4911],[9.643,51.466],[9.6436,51.4183],[9.5793,51.4018],[9.5484,51.359],[9.6068,51.3258],[9.7087,51.3038],[9.7454,51.319],[9.7021,51.3646],[9.7914,51.3891],[9.8035,51.4104],[9.906,51.4211],[9.9283,51.3753],[10.0583,51.4353],[10.1169,51.4302],[10.1743,51.4463],[10.1902,51.4807],[10.2997,51.4939],[10.3786,51.5627],[10.4444,51.5897],[10.5103,51.5562],[10.5603,51.5571],[10.6387,51.5841],[10.6402,51.622],[10.7014,51.6422],[10.6705,51.6669],[10.6678,51.7105],[10.5742,51.8109],[10.6486,51.8884],[10.6225,51.9475],[10.5612,52.0041],[10.639,52.0153],[10.701,52.0497],[10.8287,52.0477],[10.9622,52.0576],[10.9803,52.1081],[11.0463,52.1369],[11.0537,52.1728],[11.0214,52.205],[11.0772,52.2187],[11.0392,52.3017],[11.0021,52.3366],[11.0695,52.3579],[10.9337,52.461],[10.9748,52.5014],[10.9376,52.5674],[10.9756,52.6068],[10.9151,52.6176],[10.7552,52.7858],[10.7569,52.8198],[10.8006,52.8503],[10.9396,52.8533],[10.9926,52.9065],[11.0987,52.9129],[11.2206,52.8977],[11.2954,52.8749],[11.4091,52.9051],[11.5978,53.0359],[11.5021,53.0501],[11.4462,53.0785],[11.3531,53.0547],[11.2696,53.1008],[11.2657,53.122],[11.1719,53.1566],[11.0627,53.235],[10.988,53.3334],[10.9097,53.3377],[10.8508,53.31],[10.7979,53.3148],[10.7053,53.3687],[10.595,53.3639],[10.5022,53.3735],[10.3759,53.4247],[10.308,53.4332],[10.2238,53.3953],[10.1656,53.3994],[10.0518,53.4639],[9.9844,53.4154],[9.8959,53.4574],[9.8565,53.435],[9.764,53.5079],[9.7721,53.5434]],[[8.5046,53.2289],[8.5933,53.1836],[8.7287,53.1802],[8.8234,53.1636],[8.8631,53.1322],[8.9368,53.1512],[8.9842,53.1261],[8.963,53.1003],[8.9803,53.0467],[8.9381,53.025],[8.8185,53.0225],[8.7727,53.0451],[8.7098,53.046],[8.6166,53.169],[8.5047,53.2008],[8.5046,53.2289]]]]},"properties":{"countryCode":"DE","regionCode":"DE-03","name":"Niedersachsen","territoryId":"north"}},
{"type":"Feature","geometry":{"type":"MultiPolygon","coordinates":[[[[8.5527,53.5162],[8.6059,53.4842],[8.6506,53.5108],[8.6441,53.5492],[8.591,53.5944],[8.5204,53.6062],[8.5763,53.5389],[8.5527,53.5162]]],[[[8.5046,53.2289],[8.5047,53.2008],[8.6166,53.169],[8.7098,53.046],[8.7727,53.0451],[8.8185,53.0225],[8.9381,53.025],[8.9803,53.0467],[8.963,53.1003],[8.9842,53.1261],[8.9368,53.1512],[8.8631,53.1322],[8.8234,53.1636],[8.7287,53.1802],[8.5933,53.1836],[8.5046,53.2289]]]]},"properties":{"countryCode":"DE","regionCode":"DE-04","name":"Bremen","territoryId":"north"}},
{"type":"Feature","geometry":{"type":"Polygon","coordinates":[[[9.4405,51.6504],[9.3863,51.646],[9.4004,51.7055],[9.3754,51.7436],[9.4366,51.7893],[9.4417,51.8305],[9.3629,51.8649],[9.3408,51.908],[9.2721,51.9323],[9.2617,51.9768],[9.1882,51.9647],[9.1974,52.0117],[9.1766,52.0857],[9.1447,52.1349],[9.107,52.1324],[9.0162,52.1692],[9.0765,52.2338],[8.9788,52.2615],[8.9983,52.3262],[9.0837,52.3548],[9.1238,52.4215],[9.1256,52.4683],[9.0542,52.5002],[8.9325,52.4012],[8.8551,52.3892],[8.7109,52.4082],[8.6987,52.5088],[8.6524,52.5314],[8.5569,52.4991],[8.5088,52.5147],[8.4603,52.4903],[8.4288,52.448],[8.2974,52.4545],[8.3136,52.406],[8.4394,52.3627],[8.4693,52.3134],[8.4563,52.1981],[8.4925,52.1665],[8.3637,52.1184],[8.2862,52.1321],[8.2459,52.1214],[8.1925,52.0726],[8.1035,52.0611],[8.0308,52.0679],[7.9798,52.0364],[7.9169,52.0516],[7.8883,52.0856],[8.0078,52.1153],[8.002,52.16],[7.9388,52.1761],[7.8998,52.2068],[7.9486,52.3351],[7.8918,52.3805],[7.8071,52.3714],[7.7138,52.401],[7.6835,52.4566],[7.6042,52.4751],[7.571,52.4323],[7.5704,52.3786],[7.5299,52.3699],[7.2979,52.264],[7.1532,52.2665],[7.0659,52.2413],[6.9892,52.2269],[6.9513,52.181],[6.9082,52.176],[6.8554,52.1204],[6.7606,52.1187],[6.7512,52.0855],[6.6962,52.0702],[6.6877,52.0399],[6.7526,52.0286],[6.8266,51.9935],[6.8285,51.9641],[6.7217,51.8962],[6.6923,51.9146],[6.5524,51.8862],[6.4078,51.8281],[6.2957,51.8683],[6.2154,51.8678],[6.1572,51.9052],[6.1255,51.8983],[6.1664,51.8408],[6.0553,51.8523],[5.945,51.8237],[6.045,51.717],[6.0369,51.6728],[6.1095,51.6468],[6.0912,51.6059],[6.157,51.5667],[6.2121,51.5134],[6.2234,51.4749],[6.2052,51.3995],[6.2261,51.3605],[6.1686,51.3329],[6.1245,51.2746],[6.0727,51.2426],[6.096,51.1348],[5.9978,51.0843],[5.9672,51.0443],[5.8868,51.0521],[5.8792,51.0176],[5.9552,50.9884],[6.0174,50.9834],[6.0182,50.9344],[6.0925,50.9178],[6.0773,50.8607],[6.0189,50.8463],[6.0343,50.7334],[6.1107,50.7229],[6.1863,50.642],[6.274,50.6305],[6.2368,50.5663],[6.197,50.531],[6.2307,50.4975],[6.3091,50.5014],[6.3776,50.4394],[6.3422,50.38],[6.405,50.3233],[6.3919,50.3798],[6.4486,50.3713],[6.4828,50.3384],[6.5305,50.3693],[6.6031,50.3882],[6.6674,50.372],[6.706,50.3428],[6.7709,50.3612],[6.7851,50.4206],[6.7437,50.4409],[6.7676,50.4823],[6.855,50.4542],[6.8944,50.467],[6.9314,50.5356],[7.049,50.6032],[7.2565,50.6246],[7.359,50.6495],[7.3709,50.7152],[7.4798,50.7183],[7.601,50.7663],[7.6555,50.7679],[7.7293,50.8505],[7.7573,50.9202],[7.7928,50.9423],[7.8508,50.9244],[7.8267,50.8908],[7.9059,50.8481],[7.967,50.844],[7.9689,50.7739],[8.0403,50.7257],[8.1258,50.6858],[8.1668,50.7357],[8.1255,50.7884],[8.2697,50.8819],[8.3055,50.8611],[8.3692,50.8646],[8.388,50.8919],[8.4564,50.9165],[8.4597,50.9667],[8.5388,51.0194],[8.5017,51.0795],[8.5491,51.1019],[8.6587,51.0951],[8.7484,51.1686],[8.722,51.2737],[8.5936,51.2475],[8.5563,51.2775],[8.6211,51.3365],[8.7005,51.3774],[8.804,51.3908],[8.854,51.3771],[8.9395,51.3895],[8.9481,51.4282],[8.8904,51.4819],[9.0176,51.5182],[9.0765,51.5035],[9.0772,51.4649],[9.1493,51.442],[9.2421,51.4977],[9.3159,51.523],[9.3543,51.5817],[9.3371,51.6147],[9.4267,51.6308],[9.4405,51.6504]]]},"properties":{"countryCode":"DE","regionCode":"DE-05","name":"Nordrhein-Westfalen","territoryId":"west"}},
{"type":"Feature","geometry":{"type":"Polygon","coordinates":[[[9.9283,51.3753],[9.906,51.4211],[9.8035,51.4104],[9.7914,51.3891],[9.7021,51.3646],[9.7454,51.319],[9.7087,51.3038],[9.6068,51.3258],[9.5484,51.359],[9.5793,51.4018],[9.6436,51.4183],[9.643,51.466],[9.6097,51.4911],[9.6152,51.5468],[9.6478,51.5525],[9.6096,51.6296],[9.4965,51.631],[9.4405,51.6504],[9.4267,51.6308],[9.3371,51.6147],[9.3543,51.5817],[9.3159,51.523],[9.2421,51.4977],[9.1493,51.442],[9.0772,51.4649],[9.0765,51.5035],[9.0176,51.5182],[8.8904,51.4819],[8.9481,51.4282],[8.9395,51.3895],[8.854,51.3771],[8.804,51.3908],[8.7005,51.3774],[8.6211,51.3365],[8.5563,51.2775],[8.5936,51.2475],[8.722,51.2737],[8.7484,51.1686],[8.6587,51.0951],[8.5491,51.1019],[8.5017,51.0795],[8.5388,51.0194],[8.4597,50.9667],[8.4564,50.9165],[8.388,50.8919],[8.3692,50.8646],[8.3055,50.8611],[8.2697,50.8819],[8.1255,50.7884],[8.1668,50.7357],[8.1258,50.6858],[8.1101,50.6573],[8.1522,50.5937],[8.1054,50.5341],[8.0429,50.5538],[7.9829,50.5115],[7.9906,50.4439],[7.9749,50.4142],[8.0659,50.3672],[8.1072,50.3216],[8.1219,50.2772],[8.0256,50.2617],[7.9925,50.2323],[7.8828,50.1813],[7.9276,50.1194],[7.8449,50.1235],[7.7734,50.0569],[7.8587,50.0049],[7.8873,49.9718],[7.9713,49.9787],[8.0367,50.0024],[8.1863,50.0355],[8.2347,50.0306],[8.3253,49.971],[8.3534,49.92],[8.3425,49.8876],[8.3854,49.8509],[8.3826,49.819],[8.4292,49.7664],[8.4382,49.7223],[8.3653,49.6997],[8.3808,49.6293],[8.4224,49.5834],[8.4643,49.5895],[8.5416,49.5286],[8.5913,49.5213],[8.6213,49.545],[8.5939,49.6109],[8.6794,49.6257],[8.6843,49.5702],[8.7101,49.5322],[8.8182,49.5044],[8.8305,49.4232],[8.8546,49.3966],[8.9295,49.4498],[8.9635,49.5015],[9.0408,49.4991],[9.103,49.5775],[9.0659,49.6197],[9.0889,49.669],[9.1491,49.7431],[9.1069,49.7587],[9.064,49.8318],[9.0361,49.8465],[9.0157,49.989],[9.0322,50.0363],[8.9759,50.0488],[9.0183,50.1116],[9.1215,50.1261],[9.1564,50.112],[9.236,50.1463],[9.3736,50.131],[9.4131,50.0841],[9.5125,50.0944],[9.5282,50.1681],[9.4948,50.2267],[9.6216,50.2231],[9.6482,50.2652],[9.7475,50.3135],[9.7593,50.4024],[9.808,50.4124],[9.8831,50.3989],[9.9578,50.4232],[10.0412,50.4952],[10.0413,50.5165],[10.0618,50.5567],[10.0372,50.6129],[10.083,50.6337],[10.0489,50.6739],[10.002,50.6766],[9.877,50.6417],[9.9203,50.6978],[9.9523,50.8214],[10.0345,50.8427],[10.0584,50.8902],[10.0037,50.9216],[10.0536,50.9398],[10.0211,50.9939],[10.0571,51.0128],[10.1349,50.9956],[10.1908,50.9991],[10.2152,51.0264],[10.1465,51.0551],[10.1755,51.1069],[10.1183,51.1396],[10.2202,51.1857],[10.1775,51.2096],[10.1132,51.2152],[10.03,51.2779],[9.9853,51.2835],[9.9299,51.34],[9.9283,51.3753]]]},"properties":{"countryCode":"DE","regionCode":"DE-06","name":"Hessen","territoryId":"west"}},
{"type":"Feature","geometry":{"type":"Polygon","coordinates":[[[8.1258,50.6858],[8.0403,50.7257],[7.9689,50.7739],[7.967,50.844],[7.9059,50.8481],[7.8267,50.8908],[7.8508,50.9244],[7.7928,50.9423],[7.7573,50.9202],[7.7293,50.8505],[7.6555,50.7679],[7.601,50.7663],[7.4798,50.7183],[7.3709,50.7152],[7.359,50.6495],[7.2565,50.6246],[7.049,50.6032],[6.9314,50.5356],[6.8944,50.467],[6.855,50.4542],[6.7676,50.4823],[6.7437,50.4409],[6.7851,50.4206],[6.7709,50.3612],[6.706,50.3428],[6.6674,50.372],[6.6031,50.3882],[6.5305,50.3693],[6.4828,50.3384],[6.4486,50.3713],[6.3919,50.3798],[6.405,50.3233],[6.3055,50.3176],[6.277,50.2661],[6.1768,50.2359],[6.1875,50.1789],[6.1406,50.1696],[6.1124,50.0605],[6.1695,49.9842],[6.2273,49.9366],[6.2336,49.9004],[6.3642,49.8508],[6.432,49.8106],[6.517,49.8062],[6.4951,49.7247],[6.4261,49.6638],[6.4197,49.618],[6.359,49.5703],[6.3801,49.5511],[6.5229,49.5283],[6.617,49.5355],[6.748,49.5579],[6.8134,49.592],[6.9747,49.6339],[7.0591,49.6305],[7.093,49.6036],[7.1555,49.6027],[7.2244,49.5648],[7.2622,49.5747],[7.2857,49.5169],[7.2869,49.4577],[7.2464,49.4455],[7.2968,49.3893],[7.3558,49.3798],[7.4038,49.3461],[7.3854,49.2941],[7.3065,49.2561],[7.3057,49.201],[7.3501,49.1628],[7.3688,49.1615],[7.4359,49.1797],[7.494,49.1694],[7.4967,49.1354],[7.5287,49.0971],[7.5691,49.0795],[7.601,49.0832],[7.6308,49.0726],[7.6312,49.0549],[7.6729,49.0452],[7.6959,49.0578],[7.7611,49.0455],[7.7944,49.0657],[7.8668,49.0329],[7.8884,49.0488],[7.9134,49.0413],[7.9318,49.0581],[7.9644,49.0429],[7.9752,49.0266],[7.994,49.029],[8.049,49.0143],[8.0701,48.9963],[8.1405,48.9785],[8.2158,48.9754],[8.2326,48.9666],[8.2773,48.9899],[8.3164,49.0605],[8.3546,49.0931],[8.3676,49.1642],[8.4053,49.2206],[8.4007,49.2442],[8.4872,49.3017],[8.4526,49.3291],[8.4998,49.3715],[8.5084,49.4328],[8.4598,49.4433],[8.4146,49.562],[8.4224,49.5834],[8.3808,49.6293],[8.3653,49.6997],[8.4382,49.7223],[8.4292,49.7664],[8.3826,49.819],[8.3854,49.8509],[8.3425,49.8876],[8.3534,49.92],[8.3253,49.971],[8.2347,50.0306],[8.1863,50.0355],[8.0367,50.0024],[7.9713,49.9787],[7.8873,49.9718],[7.8587,50.0049],[7.7734,50.0569],[7.8449,50.1235],[7.9276,50.1194],[7.8828,50.1813],[7.9925,50.2323],[8.0256,50.2617],[8.1219,50.2772],[8.1072,50.3216],[8.0659,50.3672],[7.9749,50.4142],[7.9906,50.4439],[7.9829,50.5115],[8.0429,50.5538],[8.1054,50.5341],[8.1522,50.5937],[8.1101,50.6573],[8.1258,50.6858]]]},"properties":{"countryCode":"DE","regionCode":"DE-07","name":"Rheinland-Pfalz","territoryId":"west"}},
{"type":"Feature","geometry":{"type":"Polygon","coordinates":[[[9.6021,47.5843],[9.6577,47.6117],[9.7095,47.6026],[9.764,47.6177],[9.8615,47.6776],[9.9707,47.6536],[10.0019,47.682],[10.1293,47.6761],[10.1162,47.7614],[10.0647,47.7859],[10.1157,47.8109],[10.1017,47.8843],[10.115,47.9763],[10.1413,48.0467],[10.1362,48.1114],[10.108,48.1305],[10.0658,48.2818],[9.9673,48.3744],[10.0335,48.4268],[10.0327,48.4572],[10.1174,48.4754],[10.1339,48.4549],[10.2963,48.5169],[10.3143,48.5556],[10.2683,48.6466],[10.2687,48.7035],[10.3894,48.6672],[10.4269,48.6868],[10.4812,48.6821],[10.4601,48.7361],[10.4171,48.7513],[10.447,48.8126],[10.457,48.9171],[10.3819,48.999],[10.294,49.0428],[10.2517,49.0496],[10.248,49.1493],[10.1605,49.1828],[10.1171,49.2642],[10.1539,49.2847],[10.1048,49.3384],[10.1266,49.3879],[10.1612,49.3904],[10.0841,49.5118],[10.0203,49.4866],[9.9266,49.4848],[9.9271,49.5361],[9.8555,49.6415],[9.8318,49.7038],[9.7792,49.7225],[9.6761,49.6933],[9.6254,49.7037],[9.6487,49.7915],[9.5576,49.7762],[9.4208,49.7888],[9.3132,49.7655],[9.3532,49.7074],[9.4203,49.7066],[9.3836,49.6428],[9.3136,49.6537],[9.2783,49.6376],[9.2602,49.5944],[9.2137,49.5765],[9.103,49.5775],[9.0408,49.4991],[8.9635,49.5015],[8.9295,49.4498],[8.8546,49.3966],[8.8305,49.4232],[8.8182,49.5044],[8.7101,49.5322],[8.6843,49.5702],[8.6794,49.6257],[8.5939,49.6109],[8.6213,49.545],[8.5913,49.5213],[8.5416,49.5286],[8.4643,49.5895],[8.4224,49.5834],[8.4146,49.562],[8.4598,49.4433],[8.5084,49.4328],[8.4998,49.3715],[8.4526,49.3291],[8.4872,49.3017],[8.4007,49.2442],[8.4053,49.2206],[8.3676,49.1642],[8.3546,49.0931],[8.3164,49.0605],[8.2773,48.9899],[8.2326,48.9666],[8.2029,48.9598],[8.1352,48.8875],[8.1108,48.8421],[8.1038,48.8201],[8.0416,48.7908],[8.0078,48.7592],[7.972,48.7581],[7.9633,48.7215],[7.89,48.6626],[7.8481,48.6469],[7.8048,48.5926],[7.8061,48.5164],[7.7919,48.5002],[7.7669,48.4871],[7.7358,48.4039],[7.7319,48.3764],[7.7452,48.3351],[7.7316,48.3172],[7.7035,48.309],[7.6685,48.2255],[7.6441,48.2073],[7.6018,48.1592],[7.6002,48.1388],[7.577,48.1191],[7.579,48.0998],[7.5692,48.08],[7.5685,48.0352],[7.6134,47.9947],[7.6217,47.9765],[7.6096,47.9542],[7.5858,47.9349],[7.5798,47.8949],[7.5579,47.8805],[7.561,47.838],[7.5321,47.7878],[7.5307,47.7718],[7.5481,47.7395],[7.5425,47.7209],[7.5135,47.7018],[7.5211,47.6638],[7.5674,47.6317],[7.593,47.6008],[7.5892,47.5897],[7.6193,47.5769],[7.6458,47.5969],[7.6807,47.5827],[7.6783,47.569],[7.6481,47.5599],[7.6481,47.549],[7.6704,47.535],[7.6982,47.5333],[7.7961,47.5577],[7.8186,47.5866],[7.8499,47.5828],[7.8897,47.5881],[7.9109,47.571],[7.9171,47.5478],[7.9525,47.5545],[7.9992,47.5566],[8.0225,47.5505],[8.0589,47.5633],[8.0984,47.5618],[8.1042,47.5779],[8.1649,47.5941],[8.2061,47.621],[8.2385,47.6127],[8.2861,47.611],[8.2979,47.5891],[8.3284,47.5712],[8.3853,47.5669],[8.4001,47.577],[8.4287,47.5669],[8.4669,47.5842],[8.457,47.5973],[8.4831,47.6138],[8.5083,47.6175],[8.5156,47.6338],[8.5573,47.6246],[8.5825,47.5961],[8.6034,47.6111],[8.5957,47.6431],[8.6227,47.6572],[8.5961,47.6695],[8.5781,47.6616],[8.5605,47.6704],[8.5337,47.6599],[8.5229,47.6449],[8.4711,47.6423],[8.4056,47.6745],[8.4044,47.6981],[8.4168,47.71],[8.454,47.7235],[8.4506,47.7401],[8.489,47.7733],[8.5526,47.7846],[8.5755,47.8017],[8.6114,47.8019],[8.6194,47.7677],[8.6816,47.7835],[8.6886,47.7583],[8.7142,47.7654],[8.7398,47.7531],[8.7119,47.7309],[8.7332,47.7184],[8.728,47.6927],[8.7896,47.6752],[8.7977,47.7029],[8.7694,47.7069],[8.7698,47.7181],[8.807,47.7345],[8.8336,47.7146],[8.8697,47.702],[8.8942,47.6521],[8.9983,47.6869],[8.9863,47.7366],[9.1016,47.7017],[9.1382,47.6642],[9.2178,47.6667],[9.1491,47.7487],[9.2248,47.7403],[9.2441,47.7064],[9.3572,47.6604],[9.3971,47.6683],[9.5011,47.6463],[9.5366,47.5971],[9.6021,47.5843]]]},"properties":{"countryCode":"DE","regionCode":"DE-08","name":"Baden-Württemberg","territoryId":"south"}},
{"type":"Feature","geometry":{"type":"Polygon","coordinates":[[[11.9199,50.4244],[11.8235,50.3897],[11.7953,50.4182],[11.7262,50.4001],[11.5525,50.3826],[11.4785,50.4015],[11.4828,50.4294],[11.4206,50.4434],[11.4409,50.5009],[11.3466,50.5215],[11.3189,50.489],[11.2456,50.4696],[11.2843,50.3603],[11.2565,50.3231],[11.2598,50.2749],[11.1332,50.3002],[11.1592,50.3304],[11.1136,50.3674],[11.043,50.3447],[10.9825,50.3518],[10.95,50.3835],[10.8304,50.3926],[10.7494,50.358],[10.7418,50.3159],[10.7707,50.2927],[10.8464,50.2751],[10.852,50.2516],[10.7696,50.2408],[10.7312,50.2127],[10.659,50.2307],[10.612,50.2241],[10.5935,50.2696],[10.6006,50.3337],[10.5342,50.366],[10.3877,50.3982],[10.3362,50.4659],[10.3414,50.483],[10.2258,50.5187],[10.2039,50.5547],[10.0985,50.5522],[10.0413,50.5165],[10.0412,50.4952],[9.9578,50.4232],[9.8831,50.3989],[9.808,50.4124],[9.7593,50.4024],[9.7475,50.3135],[9.6482,50.2652],[9.6216,50.2231],[9.4948,50.2267],[9.5282,50.1681],[9.5125,50.0944],[9.4131,50.0841],[9.3736,50.131],[9.236,50.1463],[9.1564,50.112],[9.1215,50.1261],[9.0183,50.1116],[8.9759,50.0488],[9.0322,50.0363],[9.0157,49.989],[9.0361,49.8465],[9.064,49.8318],[9.1069,49.7587],[9.1491,49.7431],[9.0889,49.669],[9.0659,49.6197],[9.103,49.5775],[9.2137,49.5765],[9.2602,49.5944],[9.2783,49.6376],[9.3136,49.6537],[9.3836,49.6428],[9.4203,49.7066],[9.3532,49.7074],[9.3132,49.7655],[9.4208,49.7888],[9.5576,49.7762],[9.6487,49.7915],[9.6254,49.7037],[9.6761,49.6933],[9.7792,49.7225],[9.8318,49.7038],[9.8555,49.6415],[9.9271,49.5361],[9.9266,49.4848],[10.0203,49.4866],[10.0841,49.5118],[10.1612,49.3904],[10.1266,49.3879],[10.1048,49.3384],[10.1539,49.2847],[10.1171,49.2642],[10.1605,49.1828],[10.248,49.1493],[10.2517,49.0496],[10.294,49.0428],[10.3819,48.999],[10.457,48.9171],[10.447,48.8126],[10.4171,48.7513],[10.4601,48.7361],[10.4812,48.6821],[10.4269,48.6868],[10.3894,48.6672],[10.2687,48.7035],[10.2683,48.6466],[10.3143,48.5556],[10.2963,48.5169],[10.1339,48.4549],[10.1174,48.4754],[10.0327,48.4572],[10.0335,48.4268],[9.9673,48.3744],[10.0658,48.2818],[10.108,48.1305],[10.1362,48.1114],[10.1413,48.0467],[10.115,47.9763],[10.1017,47.8843],[10.1157,47.8109],[10.0647,47.7859],[10.1162,47.7614],[10.1293,47.6761],[10.0019,47.682],[9.9707,47.6536],[9.8615,47.6776],[9.764,47.6177],[9.7095,47.6026],[9.6577,47.6117],[9.6021,47.5843],[9.6578,47.5564],[9.7127,47.5507],[9.756,47.5791],[9.7787,47.5952],[9.8024,47.5959],[9.8272,47.58],[9.8165,47.5474],[9.8757,47.5318],[9.9411,47.5382],[10.0349,47.4886],[10.0718,47.4563],[10.0915,47.4591],[10.1054,47.4287],[10.0704,47.4079],[10.0998,47.3547],[10.1193,47.3757],[10.1695,47.3713],[10.1692,47.3858],[10.203,47.3827],[10.227,47.3888],[10.237,47.3735],[10.2042,47.3367],[10.2077,47.3039],[10.1787,47.2957],[10.174,47.2703],[10.2013,47.2769],[10.2423,47.2781],[10.2815,47.2875],[10.315,47.3065],[10.3465,47.3151],[10.3568,47.337],[10.3863,47.3562],[10.3974,47.3769],[10.431,47.3838],[10.4386,47.4136],[10.4711,47.4319],[10.4632,47.4828],[10.4402,47.4866],[10.4313,47.5037],[10.4545,47.5557],[10.5734,47.5339],[10.598,47.5697],[10.6354,47.559],[10.6878,47.5583],[10.6948,47.5446],[10.7505,47.5373],[10.7776,47.5139],[10.8902,47.5372],[10.9101,47.4855],[10.9836,47.43],[10.9703,47.4],[11.0996,47.3943],[11.1243,47.4001],[11.1292,47.4128],[11.1982,47.4275],[11.2052,47.4338],[11.2534,47.4282],[11.2224,47.3973],[11.2729,47.3979],[11.29,47.4074],[11.2911,47.4272],[11.3136,47.4307],[11.3381,47.4497],[11.4155,47.447],[11.391,47.4823],[11.4417,47.5176],[11.4542,47.5087],[11.5125,47.5064],[11.5688,47.5136],[11.588,47.5254],[11.5858,47.5456],[11.606,47.5814],[11.6412,47.5936],[11.6581,47.5841],[11.781,47.5912],[11.8473,47.5823],[11.8596,47.6012],[12.0128,47.6232],[12.1398,47.6053],[12.179,47.6144],[12.2079,47.6148],[12.1674,47.6825],[12.1839,47.7004],[12.3637,47.6838],[12.4292,47.6962],[12.4651,47.6496],[12.512,47.6253],[12.575,47.6323],[12.603,47.672],[12.6549,47.6721],[12.6661,47.6808],[12.7329,47.6795],[12.8107,47.6213],[12.7915,47.5975],[12.7843,47.5688],[12.8038,47.5499],[12.8476,47.546],[12.8572,47.527],[12.8804,47.5219],[12.9087,47.497],[12.9638,47.4752],[12.9856,47.4815],[13.0011,47.4639],[13.0269,47.4867],[13.0475,47.4921],[13.0463,47.524],[13.0317,47.5356],[13.0557,47.5573],[13.0436,47.5834],[13.0956,47.628],[13.0802,47.6864],[13.0439,47.7138],[13.0175,47.7229],[12.9871,47.7074],[12.9331,47.7095],[12.905,47.7236],[12.9448,47.7646],[12.9384,47.7831],[12.9641,47.7999],[13.0041,47.8464],[12.9667,47.9004],[12.9464,47.9218],[12.9387,47.9426],[12.9133,47.9566],[12.8848,47.9592],[12.8671,47.9753],[12.8573,48.0075],[12.8325,48.0291],[12.7682,48.0675],[12.7558,48.0805],[12.7491,48.1087],[12.7677,48.1289],[12.7876,48.1241],[12.7988,48.1462],[12.8273,48.1528],[12.8472,48.1669],[12.8655,48.1986],[12.8779,48.2031],[12.9491,48.2072],[12.9673,48.215],[13.0187,48.2566],[13.0897,48.2783],[13.1719,48.2932],[13.2614,48.295],[13.3251,48.3209],[13.3679,48.3533],[13.4078,48.372],[13.4397,48.4317],[13.4269,48.4549],[13.4567,48.5143],[13.4385,48.5582],[13.4754,48.5561],[13.5306,48.5854],[13.5995,48.5694],[13.7274,48.513],[13.7679,48.5541],[13.8072,48.5847],[13.8073,48.6046],[13.8257,48.6185],[13.8142,48.6498],[13.8197,48.6713],[13.8015,48.7171],[13.8188,48.7315],[13.8226,48.7564],[13.8039,48.7811],[13.8153,48.7969],[13.7923,48.8282],[13.7653,48.8379],[13.7437,48.8757],[13.7273,48.883],[13.6716,48.8801],[13.6552,48.8935],[13.638,48.9257],[13.5907,48.9528],[13.5855,48.9685],[13.5071,48.9691],[13.4029,48.9873],[13.4093,49.0031],[13.3923,49.0543],[13.3759,49.0584],[13.344,49.0889],[13.2892,49.1186],[13.2364,49.1136],[13.2057,49.1221],[13.1703,49.144],[13.1769,49.1642],[13.1293,49.1969],[13.1131,49.2192],[13.086,49.2294],[13.0808,49.2474],[13.0614,49.25],[13.0257,49.2789],[13.0291,49.3043],[13.0106,49.3053],[12.95,49.3429],[12.8802,49.3505],[12.8768,49.3324],[12.8479,49.3443],[12.8025,49.3416],[12.7581,49.3752],[12.7576,49.3948],[12.6559,49.4345],[12.658,49.4505],[12.6399,49.499],[12.6443,49.523],[12.6017,49.5325],[12.5742,49.5594],[12.5771,49.5863],[12.546,49.6213],[12.5282,49.6182],[12.5176,49.646],[12.5297,49.6674],[12.5216,49.6868],[12.4403,49.7058],[12.4257,49.7305],[12.4132,49.7323],[12.4032,49.7619],[12.467,49.7854],[12.4729,49.8336],[12.498,49.8376],[12.5219,49.8817],[12.5506,49.9026],[12.5477,49.9203],[12.4784,49.9357],[12.4705,49.949],[12.4939,49.9698],[12.4607,49.9949],[12.3675,50.0174],[12.3376,50.0399],[12.2991,50.0587],[12.2611,50.0647],[12.2666,50.0784],[12.2468,50.0921],[12.1996,50.1117],[12.1945,50.1377],[12.2112,50.1588],[12.2013,50.1888],[12.1834,50.1992],[12.1585,50.2265],[12.1089,50.2379],[12.0991,50.2624],[12.1387,50.2756],[12.1223,50.2916],[12.1262,50.3066],[12.1009,50.318],[11.9823,50.3499],[11.9807,50.3878],[11.9199,50.4244]]]},"properties":{"countryCode":"DE","regionCode":"DE-09","name":"Bayern","territoryId":"south"}},
{"type":"Feature","geometry":{"type":"Polygon","coordinates":[[[7.3688,49.1615],[7.3501,49.1628],[7.3057,49.201],[7.3065,49.2561],[7.3854,49.2941],[7.4038,49.3461],[7.3558,49.3798],[7.2968,49.3893],[7.2464,49.4455],[7.2869,49.4577],[7.2857,49.5169],[7.2622,49.5747],[7.2244,49.5648],[7.1555,49.6027],[7.093,49.6036],[7.0591,49.6305],[6.9747,49.6339],[6.8134,49.592],[6.748,49.5579],[6.617,49.5355],[6.5229,49.5283],[6.3801,49.5511],[6.3569,49.5309],[6.3671,49.4695],[6.4036,49.4659],[6.4204,49.4764],[6.4628,49.465],[6.5508,49.4254],[6.5373,49.4094],[6.5831,49.3684],[6.5956,49.3301],[6.5891,49.3221],[6.661,49.2825],[6.6958,49.2153],[6.7197,49.2211],[6.7314,49.206],[6.7112,49.1883],[6.7386,49.1637],[6.78,49.1684],[6.8341,49.1511],[6.8444,49.1731],[6.8618,49.1788],[6.838,49.2135],[6.8573,49.2223],[6.8933,49.2091],[6.9187,49.2227],[6.9596,49.2031],[6.9752,49.2095],[7.0108,49.188],[7.0666,49.1142],[7.1041,49.1384],[7.1258,49.1419],[7.1504,49.1249],[7.1836,49.13],[7.1963,49.1217],[7.2451,49.1301],[7.2984,49.1173],[7.3298,49.1448],[7.3627,49.1431],[7.3688,49.1615]]]},"properties":{"countryCode":"DE","regionCode":"DE-10","name":"Saarland","territoryId":"west"}},
{"type":"Feature","geometry":{"type":"Polygon","coordinates":[[[13.4801,52.6746],[13.4338,52.638],[13.3935,52.6462],[13.3365,52.6227],[13.2824,52.6413],[13.1643,52.5989],[13.1174,52.517],[13.1249,52.3969],[13.2458,52.4208],[13.343,52.4077],[13.421,52.3762],[13.4799,52.396],[13.5928,52.3942],[13.6459,52.3652],[13.6921,52.368],[13.7532,52.4476],[13.6482,52.4788],[13.6189,52.5429],[13.5815,52.5709],[13.5082,52.5922],[13.5128,52.6456],[13.4801,52.6746]]]},"properties":{"countryCode":"DE","regionCode":"DE-11","name":"Berlin","territoryId":"east"}},
{"type":"Feature","geometry":{"type":"Polygon","coordinates":[[[14.4124,53.3296],[14.3166,53.3123],[14.266,53.2596],[14.2111,53.2548],[14.1141,53.2859],[14.2311,53.3681],[14.2417,53.4221],[14.0506,53.414],[13.9182,53.456],[13.8271,53.4987],[13.7895,53.4752],[13.7154,53.4823],[13.6405,53.4472],[13.6252,53.4093],[13.5736,53.4081],[13.5235,53.3201],[13.4856,53.292],[13.3605,53.278],[13.2978,53.2809],[13.2479,53.2568],[13.1033,53.2355],[13.0424,53.1965],[12.8496,53.1997],[12.7644,53.1889],[12.6657,53.2533],[12.5499,53.262],[12.4453,53.2499],[12.3982,53.2947],[12.3106,53.3236],[12.0564,53.3497],[12.0166,53.3328],[11.9542,53.2738],[11.8927,53.2728],[11.8289,53.2287],[11.6614,53.2432],[11.5616,53.2124],[11.5485,53.1308],[11.3956,53.14],[11.3939,53.1118],[11.2657,53.122],[11.2696,53.1008],[11.3531,53.0547],[11.4462,53.0785],[11.5021,53.0501],[11.5978,53.0359],[11.6394,53.0387],[11.7033,52.978],[11.8442,52.9527],[11.8227,52.9205],[11.9796,52.8762],[12.0061,52.8875],[12.1202,52.8755],[12.1237,52.8538],[12.2224,52.8653],[12.2575,52.8049],[12.206,52.7604],[12.2039,52.7134],[12.2394,52.6717],[12.2308,52.6298],[12.172,52.6259],[12.1734,52.5823],[12.1447,52.5294],[12.2027,52.4975],[12.2564,52.519],[12.3251,52.4712],[12.2934,52.4235],[12.3081,52.3447],[12.2511,52.2724],[12.2838,52.2345],[12.2168,52.1701],[12.2761,52.1046],[12.3144,52.0932],[12.3573,52.0483],[12.4345,52.0172],[12.4806,52.0333],[12.5394,51.9849],[12.603,51.9811],[12.6727,52.0118],[12.8527,51.935],[12.9606,51.9349],[13.0392,51.8709],[13.1274,51.8456],[13.163,51.802],[13.1475,51.7666],[13.1799,51.7307],[13.1545,51.6867],[13.051,51.6477],[13.0938,51.6059],[13.1618,51.5921],[13.2084,51.5103],[13.1854,51.4682],[13.2173,51.3951],[13.2561,51.3921],[13.3882,51.4478],[13.5249,51.3843],[13.5987,51.3689],[13.7391,51.3612],[13.8354,51.382],[13.8822,51.375],[13.9562,51.3971],[13.9974,51.3852],[14.0446,51.4188],[14.1078,51.5218],[14.1367,51.5433],[14.3537,51.5208],[14.4541,51.5564],[14.5475,51.5636],[14.674,51.5506],[14.7055,51.5773],[14.7299,51.5818],[14.7649,51.607],[14.7541,51.6268],[14.7578,51.661],[14.7468,51.6762],[14.6681,51.7258],[14.6566,51.7405],[14.6629,51.7554],[14.6463,51.7943],[14.605,51.805],[14.591,51.8199],[14.5906,51.8387],[14.6073,51.8529],[14.652,51.8738],[14.6557,51.8847],[14.6929,51.901],[14.7072,51.9359],[14.7213,51.9518],[14.7063,51.9791],[14.714,52.0037],[14.7483,52.0318],[14.7452,52.0538],[14.7584,52.0674],[14.7413,52.0852],[14.6878,52.1073],[14.6791,52.1435],[14.7053,52.1735],[14.6863,52.1909],[14.7084,52.2117],[14.7164,52.2341],[14.6877,52.2571],[14.5926,52.2747],[14.5756,52.2888],[14.5849,52.3065],[14.5536,52.3499],[14.5521,52.3741],[14.5358,52.3923],[14.5442,52.426],[14.5778,52.441],[14.6101,52.4652],[14.6331,52.4901],[14.605,52.5276],[14.6185,52.5569],[14.6397,52.5716],[14.62,52.5823],[14.598,52.6096],[14.572,52.6218],[14.5053,52.6434],[14.4355,52.68],[14.424,52.6962],[14.3525,52.7507],[14.2804,52.7737],[14.2199,52.8157],[14.1301,52.8283],[14.1237,52.8454],[14.1587,52.8761],[14.1388,52.9518],[14.1437,52.9614],[14.2094,52.9882],[14.2356,52.9932],[14.2916,53.02],[14.3398,53.0477],[14.3662,53.0794],[14.3877,53.143],[14.3663,53.172],[14.3773,53.2017],[14.4059,53.2108],[14.4085,53.2232],[14.4496,53.2594],[14.4212,53.2761],[14.4124,53.3296]],[[13.4801,52.6746],[13.5128,52.6456],[13.5082,52.5922],[13.5815,52.5709],[13.6189,52.5429],[13.6482,52.4788],[13.7532,52.4476],[13.6921,52.368],[13.6459,52.3652],[13.5928,52.3942],[13.4799,52.396],[13.421,52.3762],[13.343,52.4077],[13.2458,52.4208],[13.1249,52.3969],[13.1174,52.517],[13.1643,52.5989],[13.2824,52.6413],[13.3365,52.6227],[13.3935,52.6462],[13.4338,52.638],[13.4801,52.6746]]]},"properties":{"countryCode":"DE","regionCode":"DE-12","name":"Brandenburg","territoryId":"east"}},
{"type":"Feature","geometry":{"type":"MultiPolygon","coordinates":[[[[11.473,54.0244],[11.404,54.0088],[11.3779,53.9754],[11.4435,53.9606],[11.491,54.0008],[11.473,54.0244]]],[[[13.7976,54.174],[13.7555,54.1377],[13.813,54.0988],[13.7699,54.0192],[13.8979,54.0118],[13.9687,54.0599],[14.0489,53.9806],[13.9121,53.9913],[13.9382,53.9096],[13.8917,53.8766],[13.9135,53.8432],[13.9887,53.8483],[14.0197,53.8693],[14.1945,53.8721],[14.2261,53.9277],[14.0162,54.0539],[13.8837,54.0956],[13.7976,54.174]]],[[[13.4304,54.6843],[13.2885,54.6739],[13.2883,54.634],[13.2433,54.5595],[13.3324,54.5819],[13.4871,54.5526],[13.5118,54.53],[13.5033,54.4793],[13.4126,54.4938],[13.4146,54.5199],[13.3539,54.556],[13.1744,54.5457],[13.2314,54.5109],[13.2527,54.4713],[13.2128,54.4291],[13.2379,54.3708],[13.1274,54.3707],[13.1137,54.3348],[13.1417,54.2809],[13.18,54.2873],[13.1995,54.2699],[13.3816,54.2293],[13.4191,54.3025],[13.4953,54.3366],[13.5715,54.3518],[13.6764,54.3509],[13.6721,54.4014],[13.623,54.3992],[13.5709,54.4558],[13.5754,54.4777],[13.6789,54.5322],[13.6354,54.5853],[13.4604,54.5706],[13.3933,54.5986],[13.3772,54.6349],[13.4304,54.6843]]],[[[14.4124,53.3296],[14.3733,53.409],[14.3713,53.4564],[14.358,53.4573],[14.3506,53.496],[14.3269,53.5038],[14.3026,53.5534],[14.314,53.5652],[14.3169,53.6181],[14.2838,53.6344],[14.2837,53.6825],[14.2677,53.6975],[14.2224,53.6982],[14.2717,53.7393],[14.2297,53.7612],[14.1833,53.7356],[14.1244,53.7372],[13.9688,53.7725],[13.8099,53.8582],[13.9141,53.9219],[13.8351,53.9835],[13.76,54.0159],[13.7981,54.1048],[13.6974,54.1489],[13.4777,54.1192],[13.3433,54.1655],[13.2874,54.2348],[13.2283,54.2397],[13.166,54.2783],[13.1048,54.2828],[13.1104,54.3075],[13.0202,54.4124],[12.9861,54.425],[12.8997,54.4018],[12.8781,54.365],[12.72,54.3714],[12.7075,54.4119],[12.5297,54.3348],[12.4789,54.3043],[12.3825,54.2781],[12.4191,54.3705],[12.5133,54.376],[12.6381,54.4255],[12.6953,54.4323],[12.7996,54.4092],[12.8539,54.4405],[12.6577,54.4434],[12.5515,54.4567],[12.5041,54.4781],[12.4676,54.4213],[12.4059,54.3769],[12.3363,54.2972],[12.1749,54.2291],[12.1231,54.1777],[12.0114,54.1783],[11.8484,54.1449],[11.68,54.1524],[11.6146,54.11],[11.6265,54.0896],[11.5626,54.0282],[11.5089,54.0114],[11.475,53.929],[11.4343,53.9101],[11.3675,53.9346],[11.2699,53.9318],[11.2459,53.9732],[11.1816,54.0148],[11.0283,54.0033],[10.9037,53.9568],[10.8945,53.9254],[10.7728,53.8741],[10.7477,53.8515],[10.7723,53.7972],[10.7583,53.7643],[10.824,53.7113],[10.9232,53.6983],[10.9547,53.6586],[10.9111,53.5726],[10.8626,53.5646],[10.7778,53.4952],[10.693,53.4551],[10.6349,53.456],[10.595,53.3639],[10.7053,53.3687],[10.7979,53.3148],[10.8508,53.31],[10.9097,53.3377],[10.988,53.3334],[11.0627,53.235],[11.1719,53.1566],[11.2657,53.122],[11.3939,53.1118],[11.3956,53.14],[11.5485,53.1308],[11.5616,53.2124],[11.6614,53.2432],[11.8289,53.2287],[11.8927,53.2728],[11.9542,53.2738],[12.0166,53.3328],[12.0564,53.3497],[12.3106,53.3236],[12.3982,53.2947],[12.4453,53.2499],[12.5499,53.262],[12.6657,53.2533],[12.7644,53.1889],[12.8496,53.1997],[13.0424,53.1965],[13.1033,53.2355],[13.2479,53.2568],[13.2978,53.2809],[13.3605,53.278],[13.4856,53.292],[13.5235,53.3201],[13.5736,53.4081],[13.6252,53.4093],[13.6405,53.4472],[13.7154,53.4823],[13.7895,53.4752],[13.8271,53.4987],[13.9182,53.456],[14.0506,53.414],[14.2417,53.4221],[14.2311,53.3681],[14.1141,53.2859],[14.2111,53.2548],[14.266,53.2596],[14.3166,53.3123],[14.4124,53.3296]]]]},"properties":{"countryCode":"DE","regionCode":"DE-13","name":"Mecklenburg-Vorpommern","territoryId":"north"}},
{"type":"Feature","geometry":{"type":"Polygon","coordinates":[[[13.051,51.6477],[13.0116,51.6645],[12.9028,51.646],[12.8487,51.681],[12.7727,51.6475],[12.6867,51.662],[12.6658,51.6316],[12.5446,51.6037],[12.4273,51.5993],[12.2329,51.5611],[12.1928,51.5313],[12.2031,51.4851],[12.1578,51.4523],[12.1825,51.4324],[12.1747,51.3794],[12.1943,51.3306],[12.1477,51.32],[12.1894,51.2576],[12.2131,51.1835],[12.1962,51.1419],[12.2214,51.1098],[12.2835,51.0919],[12.3316,51.1038],[12.4964,51.0662],[12.5029,51.0349],[12.5509,50.9983],[12.6164,50.9853],[12.6397,50.9057],[12.5382,50.9007],[12.4593,50.8804],[12.4375,50.8424],[12.3868,50.8506],[12.3476,50.8236],[12.2598,50.8115],[12.2639,50.7605],[12.235,50.7333],[12.2989,50.6517],[12.2341,50.627],[12.1499,50.6288],[12.1352,50.5821],[12.0781,50.5766],[11.9888,50.6107],[11.9236,50.5857],[11.9205,50.5556],[11.8715,50.5398],[11.9642,50.487],[11.9199,50.4244],[11.9807,50.3878],[11.9823,50.3499],[12.1009,50.318],[12.1845,50.3223],[12.1983,50.3074],[12.2015,50.2728],[12.2537,50.2711],[12.2653,50.2582],[12.2393,50.2472],[12.2939,50.2213],[12.2748,50.197],[12.2949,50.1747],[12.326,50.1726],[12.3382,50.1925],[12.326,50.2019],[12.3324,50.2385],[12.3501,50.2535],[12.3709,50.2853],[12.3943,50.2896],[12.4034,50.324],[12.4371,50.3276],[12.4418,50.3412],[12.4694,50.355],[12.5125,50.3962],[12.6423,50.4113],[12.7076,50.4078],[12.7346,50.4322],[12.8201,50.4598],[12.9346,50.4128],[12.9827,50.4194],[13.0166,50.4439],[13.0234,50.4883],[13.056,50.5013],[13.1015,50.5029],[13.1275,50.5176],[13.1455,50.5062],[13.1947,50.5153],[13.228,50.5485],[13.2336,50.5791],[13.2788,50.593],[13.2909,50.575],[13.3229,50.5813],[13.3196,50.6016],[13.3667,50.6184],[13.4655,50.6023],[13.5023,50.634],[13.5242,50.6393],[13.514,50.6558],[13.5444,50.6774],[13.5275,50.699],[13.5599,50.7147],[13.6023,50.7101],[13.6412,50.7287],[13.6666,50.7319],[13.7079,50.7171],[13.7282,50.7337],[13.8073,50.7333],[13.8271,50.7242],[13.8969,50.7433],[13.8876,50.7711],[13.904,50.794],[13.9392,50.79],[13.9908,50.8199],[14.0347,50.805],[14.0784,50.8124],[14.0906,50.8262],[14.1615,50.8475],[14.2233,50.8592],[14.2363,50.8826],[14.2675,50.8953],[14.3031,50.8839],[14.3865,50.8988],[14.3732,50.9382],[14.3117,50.9538],[14.2586,50.9875],[14.2922,51.0465],[14.3154,51.0557],[14.3405,51.0385],[14.362,51.0454],[14.3832,51.0285],[14.4218,51.0196],[14.4538,51.0359],[14.5253,51.0185],[14.5787,51.0003],[14.5992,50.9871],[14.5961,50.9628],[14.5607,50.9254],[14.5832,50.9143],[14.6502,50.9315],[14.6529,50.9055],[14.6362,50.8974],[14.6189,50.8577],[14.6601,50.8502],[14.6902,50.838],[14.7087,50.8409],[14.7687,50.8198],[14.8,50.8228],[14.8102,50.8508],[14.8252,50.869],[14.8221,50.8878],[14.8659,50.9166],[14.8931,50.9501],[14.9472,51.028],[14.949,51.0428],[14.979,51.0768],[14.9949,51.1239],[14.9932,51.1625],[15.0367,51.2577],[15.0335,51.2939],[15.013,51.3008],[14.9778,51.3417],[14.9779,51.3756],[14.9647,51.3868],[14.9589,51.4109],[14.9738,51.4423],[14.947,51.4721],[14.9224,51.4823],[14.8528,51.4893],[14.796,51.5179],[14.7367,51.5256],[14.7287,51.5505],[14.712,51.561],[14.7299,51.5818],[14.7055,51.5773],[14.674,51.5506],[14.5475,51.5636],[14.4541,51.5564],[14.3537,51.5208],[14.1367,51.5433],[14.1078,51.5218],[14.0446,51.4188],[13.9974,51.3852],[13.9562,51.3971],[13.8822,51.375],[13.8354,51.382],[13.7391,51.3612],[13.5987,51.3689],[13.5249,51.3843],[13.3882,51.4478],[13.2561,51.3921],[13.2173,51.3951],[13.1854,51.4682],[13.2084,51.5103],[13.1618,51.5921],[13.0938,51.6059],[13.051,51.6477]]]},"properties":{"countryCode":"DE","regionCode":"DE-14","name":"Sachsen","territoryId":"east"}},
{"type":"Feature","geometry":{"type":"Polygon","coordinates":[[[13.051,51.6477],[13.1545,51.6867],[13.1799,51.7307],[13.1475,51.7666],[13.163,51.802],[13.1274,51.8456],[13.0392,51.8709],[12.9606,51.9349],[12.8527,51.935],[12.6727,52.0118],[12.603,51.9811],[12.5394,51.9849],[12.4806,52.0333],[12.4345,52.0172],[12.3573,52.0483],[12.3144,52.0932],[12.2761,52.1046],[12.2168,52.1701],[12.2838,52.2345],[12.2511,52.2724],[12.3081,52.3447],[12.2934,52.4235],[12.3251,52.4712],[12.2564,52.519],[12.2027,52.4975],[12.1447,52.5294],[12.1734,52.5823],[12.172,52.6259],[12.2308,52.6298],[12.2394,52.6717],[12.2039,52.7134],[12.206,52.7604],[12.2575,52.8049],[12.2224,52.8653],[12.1237,52.8538],[12.1202,52.8755],[12.0061,52.8875],[11.9796,52.8762],[11.8227,52.9205],[11.8442,52.9527],[11.7033,52.978],[11.6394,53.0387],[11.5978,53.0359],[11.4091,52.9051],[11.2954,52.8749],[11.2206,52.8977],[11.0987,52.9129],[10.9926,52.9065],[10.9396,52.8533],[10.8006,52.8503],[10.7569,52.8198],[10.7552,52.7858],[10.9151,52.6176],[10.9756,52.6068],[10.9376,52.5674],[10.9748,52.5014],[10.9337,52.461],[11.0695,52.3579],[11.0021,52.3366],[11.0392,52.3017],[11.0772,52.2187],[11.0214,52.205],[11.0537,52.1728],[11.0463,52.1369],[10.9803,52.1081],[10.9622,52.0576],[10.8287,52.0477],[10.701,52.0497],[10.639,52.0153],[10.5612,52.0041],[10.6225,51.9475],[10.6486,51.8884],[10.5742,51.8109],[10.6678,51.7105],[10.6705,51.6669],[10.7014,51.6422],[10.7645,51.649],[10.8591,51.6328],[10.9704,51.4814],[10.9667,51.4324],[11.0053,51.4168],[11.0715,51.4286],[11.1529,51.4016],[11.3222,51.4096],[11.3994,51.3448],[11.4731,51.3002],[11.4126,51.2411],[11.4702,51.1904],[11.4634,51.1128],[11.5456,51.1025],[11.5717,51.1194],[11.6623,51.1111],[11.7212,51.071],[11.8039,51.0472],[11.8851,51.0566],[11.9801,51.0143],[12.021,50.9691],[12.0875,50.9764],[12.1348,50.9608],[12.1825,50.9759],[12.2143,50.9431],[12.2939,51.0313],[12.2585,51.0661],[12.2835,51.0919],[12.2214,51.1098],[12.1962,51.1419],[12.2131,51.1835],[12.1894,51.2576],[12.1477,51.32],[12.1943,51.3306],[12.1747,51.3794],[12.1825,51.4324],[12.1578,51.4523],[12.2031,51.4851],[12.1928,51.5313],[12.2329,51.5611],[12.4273,51.5993],[12.5446,51.6037],[12.6658,51.6316],[12.6867,51.662],[12.7727,51.6475],[12.8487,51.681],[12.9028,51.646],[13.0116,51.6645],[13.051,51.6477]]]},"properties":{"countryCode":"DE","regionCode":"DE-15","name":"Sachsen-Anhalt","territoryId":"east"}},
{"type":"Feature","geometry":{"type":"Polygon","coordinates":[[[12.2835,51.0919],[12.2585,51.0661],[12.2939,51.0313],[12.2143,50.9431],[12.1825,50.9759],[12.1348,50.9608],[12.0875,50.9764],[12.021,50.9691],[11.9801,51.0143],[11.8851,51.0566],[11.8039,51.0472],[11.7212,51.071],[11.6623,51.1111],[11.5717,51.1194],[11.5456,51.1025],[11.4634,51.1128],[11.4702,51.1904],[11.4126,51.2411],[11.4731,51.3002],[11.3994,51.3448],[11.3222,51.4096],[11.1529,51.4016],[11.0715,51.4286],[11.0053,51.4168],[10.9667,51.4324],[10.9704,51.4814],[10.8591,51.6328],[10.7645,51.649],[10.7014,51.6422],[10.6402,51.622],[10.6387,51.5841],[10.5603,51.5571],[10.5103,51.5562],[10.4444,51.5897],[10.3786,51.5627],[10.2997,51.4939],[10.1902,51.4807],[10.1743,51.4463],[10.1169,51.4302],[10.0583,51.4353],[9.9283,51.3753],[9.9299,51.34],[9.9853,51.2835],[10.03,51.2779],[10.1132,51.2152],[10.1775,51.2096],[10.2202,51.1857],[10.1183,51.1396],[10.1755,51.1069],[10.1465,51.0551],[10.2152,51.0264],[10.1908,50.9991],[10.1349,50.9956],[10.0571,51.0128],[10.0211,50.9939],[10.0536,50.9398],[10.0037,50.9216],[10.0584,50.8902],[10.0345,50.8427],[9.9523,50.8214],[9.9203,50.6978],[9.877,50.6417],[10.002,50.6766],[10.0489,50.6739],[10.083,50.6337],[10.0372,50.6129],[10.0618,50.5567],[10.0413,50.5165],[10.0985,50.5522],[10.2039,50.5547],[10.2258,50.5187],[10.3414,50.483],[10.3362,50.4659],[10.3877,50.3982],[10.5342,50.366],[10.6006,50.3337],[10.5935,50.2696],[10.612,50.2241],[10.659,50.2307],[10.7312,50.2127],[10.7696,50.2408],[10.852,50.2516],[10.8464,50.2751],[10.7707,50.2927],[10.7418,50.3159],[10.7494,50.358],[10.8304,50.3926],[10.95,50.3835],[10.9825,50.3518],[11.043,50.3447],[11.1136,50.3674],[11.1592,50.3304],[11.1332,50.3002],[11.2598,50.2749],[11.2565,50.3231],[11.2843,50.3603],[11.2456,50.4696],[11.3189,50.489],[11.3466,50.5215],[11.4409,50.5009],[11.4206,50.4434],[11.4828,50.4294],[11.4785,50.4015],[11.5525,50.3826],[11.7262,50.4001],[11.7953,50.4182],[11.8235,50.3897],[11.9199,50.4244],[11.9642,50.487],[11.8715,50.5398],[11.9205,50.5556],[11.9236,50.5857],[11.9888,50.6107],[12.0781,50.5766],[12.1352,50.5821],[12.1499,50.6288],[12.2341,50.627],[12.2989,50.6517],[12.235,50.7333],[12.2639,50.7605],[12.2598,50.8115],[12.3476,50.8236],[12.3868,50.8506],[12.4375,50.8424],[12.4593,50.8804],[12.5382,50.9007],[12.6397,50.9057],[12.6164,50.9853],[12.5509,50.9983],[12.5029,51.0349],[12.4964,51.0662],[12.3316,51.1038],[12.2835,51.0919]]]},"properties":{"countryCode":"DE","regionCode":"DE-16","name":"Thüringen","territoryId":"east"}}
]}